Date,MMM,AAPL,CAT
2006-01-03,79.11,10.68,57.8
2006-01-04,78.71,10.71,59.27
2006-01-05,77.99,10.63,59.27
2006-01-06,78.63,10.9,60.45
2006-01-09,79.02,10.86,61.55
2006-01-10,78.53,11.55,61.3
2006-01-11,78.37,11.99,61.33
2006-01-12,77.7,12.04,62.21
2006-01-13,77.5,12.23,62.33
2006-01-17,77.09,12.1,62.96
2006-01-18,76.99,11.78,62.33
2006-01-19,76.91,11.29,62.51
2006-01-20,75.24,10.87,60.78
2006-01-23,75.7,11.1,61.04
2006-01-24,74.2,10.86,61.35
2006-01-25,73,10.6,62.07
2006-01-26,72.7,10.33,65.17
2006-01-27,72.65,10.29,67.53
2006-01-30,72.65,10.71,67.01
2006-01-31,72.75,10.79,67.9
2006-02-01,73.19,10.77,69.24
2006-02-02,72.15,10.3,68.39
2006-02-03,71.1,10.26,68.13
2006-02-06,71.17,9.61,68.7
2006-02-07,70.65,9.66,67.16
2006-02-08,71,9.83,68.81
2006-02-09,72.12,9.28,68.45
2006-02-10,72.61,9.62,68.75
2006-02-13,72.91,9.24,68.62
2006-02-14,73.7,9.66,70.22
2006-02-15,73.13,9.89,71.6
2006-02-16,73.05,10.08,71.96
2006-02-17,73.77,10.04,72.05
2006-02-21,73.2,9.87,72.59
2006-02-22,72.98,10.19,73.06
2006-02-23,73.65,10.25,72.35
2006-02-24,73.91,10.21,72.7
2006-02-27,73.69,10.14,73.5
2006-02-28,73.59,9.78,73.08
2006-03-01,73.67,9.87,74.39
2006-03-02,73.05,9.94,74.34
2006-03-03,72.88,9.67,74.61
2006-03-06,71.95,9.35,73.22
2006-03-07,72.27,9.47,73.04
2006-03-08,72.38,9.38,72.4
2006-03-09,71.8,9.13,71.4
2006-03-10,72.32,9.03,70.95
2006-03-13,72.09,9.38,71
2006-03-14,73.53,9.62,71.94
2006-03-15,74,9.46,74.29
2006-03-16,74.89,9.19,74.9
2006-03-17,74.79,9.24,76.23
2006-03-20,75,9.14,75.85
2006-03-21,74.93,8.83,74.31
2006-03-22,76.07,8.81,76.21
2006-03-23,76.77,8.59,76.26
2006-03-24,76.8,8.57,75.5
2006-03-27,76.84,8.5,75.38
2006-03-28,76.3,8.39,74.87
2006-03-29,77.56,8.9,73.67
2006-03-30,76.52,8.96,72.4
2006-03-31,75.69,8.96,71.81
2006-04-03,75.84,8.95,73.5
2006-04-04,77,8.74,75.3
2006-04-05,77.46,9.6,75.8
2006-04-06,81.38,10.18,75.65
2006-04-07,81.03,9.97,74.92
2006-04-10,80.98,9.81,75.45
2006-04-11,80.79,9.71,76.66
2006-04-12,81.1,9.53,77.84
2006-04-13,80.97,9.5,76.94
2006-04-17,80.26,9.26,76.45
2006-04-18,81.59,9.46,78.91
2006-04-19,81.88,9.38,78.97
2006-04-20,82.6,9.66,77.97
2006-04-21,85.06,9.58,77.87
2006-04-24,85.46,9.39,77.38
2006-04-25,84.81,9.45,74.93
2006-04-26,85.52,9.74,75.95
2006-04-27,85.23,9.91,75.06
2006-04-28,85.43,10.06,75.74
2006-05-01,84.97,9.94,75.63
2006-05-02,84.5,10.23,77.48
2006-05-03,85.9,10.16,78.1
2006-05-04,86.47,10.16,78.81
2006-05-05,87.3,10.27,79.98
2006-05-08,88.13,10.27,79.9
2006-05-09,87.58,10.15,81.14
2006-05-10,87.65,10.09,80.97
2006-05-11,87.17,9.74,79.62
2006-05-12,86.57,9.67,77.81
2006-05-15,87.12,9.68,77.47
2006-05-16,86.76,9.28,77.34
2006-05-17,84.42,9.32,75.91
2006-05-18,84.15,9.03,74.62
2006-05-19,84.31,9.22,72.78
2006-05-22,83.73,9.05,72.87
2006-05-23,83.44,9.02,73.72
2006-05-24,83.82,9.05,73.59
2006-05-25,83.26,9.19,73.96
2006-05-26,83.87,9.08,74.42
2006-05-30,83.46,8.75,72.16
2006-05-31,83.66,8.54,72.95
2006-06-01,84.51,8.88,73.29
2006-06-02,84.78,8.81,72.81
2006-06-05,82.95,8.57,69.33
2006-06-06,82.26,8.53,68.48
2006-06-07,80.34,8.37,66.74
2006-06-08,81.75,8.68,66.89
2006-06-09,80.57,8.46,67.52
2006-06-12,80.16,8.14,66.32
2006-06-13,79.96,8.33,66.33
2006-06-14,79.9,8.23,67.48
2006-06-15,80.9,8.48,70.85
2006-06-16,80.51,8.22,70.55
2006-06-19,79.43,8.17,69.95
2006-06-20,79.89,8.21,70.99
2006-06-21,80.4,8.27,72.47
2006-06-22,79.59,8.51,72.28
2006-06-23,79.92,8.4,72.14
2006-06-26,80.21,8.43,72.48
2006-06-27,78.7,8.2,71.65
2006-06-28,79.28,8,72.71
2006-06-29,81.15,8.42,74.4
2006-06-30,80.77,8.18,74.48
2006-07-03,81.12,8.28,74.77
2006-07-05,80.55,8.14,73.13
2006-07-06,81.39,7.97,73.65
2006-07-07,74.1,7.91,72.58
2006-07-10,73.11,7.86,73.27
2006-07-11,73.09,7.95,73.4
2006-07-12,72.72,7.57,71.31
2006-07-13,71.63,7.46,69.7
2006-07-14,71.22,7.24,69.19
2006-07-17,70.66,7.48,69.19
2006-07-18,70.85,7.56,69.47
2006-07-19,71.02,7.73,71.12
2006-07-20,71.1,8.64,69.08
2006-07-21,70.72,8.67,68.35
2006-07-24,71.69,8.77,70.52
2006-07-25,68.11,8.85,70.66
2006-07-26,69.06,9.12,70.13
2006-07-27,69.75,9.06,70.72
2006-07-28,70.52,9.37,71.21
2006-07-31,70.4,9.71,70.87
2006-08-01,69.91,9.6,69.71
2006-08-02,69.61,9.74,70.75
2006-08-03,69.28,9.94,72.73
2006-08-04,69.45,9.76,73.1
2006-08-07,69,9.6,73.18
2006-08-08,68.56,9.25,71.6
2006-08-09,68.3,9.08,68.52
2006-08-10,68.41,9.15,68.32
2006-08-11,68.53,9.09,67.03
2006-08-14,68.62,9.13,65.96
2006-08-15,69.78,9.49,67.41
2006-08-16,70.79,9.71,69.11
2006-08-17,71.2,9.66,69.36
2006-08-18,71.21,9.7,68.31
2006-08-21,71.12,9.51,68.25
2006-08-22,71.29,9.66,68.5
2006-08-23,70.34,9.62,67.21
2006-08-24,70.1,9.69,65.5
2006-08-25,69.92,9.82,65.99
2006-08-28,70.94,9.57,66.07
2006-08-29,71.61,9.5,65.45
2006-08-30,71.44,9.57,65.06
2006-08-31,71.7,9.69,66.35
2006-09-01,71.72,9.77,67.27
2006-09-05,71.35,10.21,69.68
2006-09-06,71.5,10,69.13
2006-09-07,70.59,10.4,67.76
2006-09-08,71.51,10.36,67.32
2006-09-11,71.35,10.36,65.51
2006-09-12,72.57,10.38,65.15
2006-09-13,73.37,10.6,66.33
2006-09-14,73.53,10.6,65.51
2006-09-15,74.14,10.59,65.43
2006-09-18,73.89,10.56,66.99
2006-09-19,73.25,10.54,66.56
2006-09-20,73.42,10.75,65.88
2006-09-21,73.11,10.66,64.54
2006-09-22,73.07,10.43,62.77
2006-09-25,73.7,10.82,64.33
2006-09-26,74.75,11.09,65.9
2006-09-27,74.65,10.92,65.68
2006-09-28,74.6,11,66.59
2006-09-29,74.42,11,65.8
2006-10-02,73.59,10.69,65.36
2006-10-03,74.03,10.58,65.11
2006-10-04,74.87,10.77,65.54
2006-10-05,75.92,10.69,68.24
2006-10-06,75.95,10.6,68.05
2006-10-09,75.8,10.66,68.9
2006-10-10,75.2,10.54,69.06
2006-10-11,75.47,10.46,68.32
2006-10-12,75.43,10.75,69.25
2006-10-13,75.4,10.72,69.08
2006-10-16,75.75,10.77,69.93
2006-10-17,75.8,10.61,69.9
2006-10-18,75.53,10.65,69.08
2006-10-19,76.4,11.28,69.02
2006-10-20,78.47,11.42,59
2006-10-23,80.09,11.64,60.42
2006-10-24,79.89,11.58,60.93
2006-10-25,79.46,11.67,61.91
2006-10-26,79.24,11.74,62.35
2006-10-27,78.95,11.49,61.27
2006-10-30,78.94,11.49,60.76
2006-10-31,78.84,11.58,60.71
2006-11-01,78.84,11.31,60.5
2006-11-02,78.88,11.28,60.56
2006-11-03,78.58,11.18,60.43
2006-11-06,79.59,11.39,59.85
2006-11-07,79.42,11.5,59.92
2006-11-08,79.42,11.78,60.1
2006-11-09,78.9,11.91,59.2
2006-11-10,79.19,11.87,59.6
2006-11-13,79.5,12.05,59.52
2006-11-14,80.09,12.1,60.36
2006-11-15,80.71,12.01,61.45
2006-11-16,80.29,12.23,61.37
2006-11-17,81.4,12.26,60.94
2006-11-20,81.38,12.35,60.91
2006-11-21,81.64,12.66,62.19
2006-11-22,81.47,12.9,62.79
2006-11-24,81.15,13.09,62.87
2006-11-27,80.23,12.79,61.97
2006-11-28,80.41,13.12,61.6
2006-11-29,80.98,13.11,62.06
2006-11-30,81.46,13.09,62.03
2006-12-01,79.98,13.05,61.19
2006-12-04,80.89,13.02,61.49
2006-12-05,80.56,13.04,62.15
2006-12-06,79.8,12.83,63.05
2006-12-07,79.56,12.43,63
2006-12-08,78.56,12.61,63.4
2006-12-11,78.85,12.68,63.07
2006-12-12,79.01,12.31,62.28
2006-12-13,79.25,12.72,61.49
2006-12-14,78.77,12.65,62.12
2006-12-15,78.31,12.53,61.82
2006-12-18,78.35,12.21,61.92
2006-12-19,78.11,12.33,61.52
2006-12-20,78.83,12.11,61.37
2006-12-21,78.81,11.84,60.81
2006-12-22,78.35,11.74,60.59
2006-12-26,78.03,11.64,60.9
2006-12-27,78.47,11.65,61.47
2006-12-28,78.16,11.55,61.31
2006-12-29,77.93,12.12,61.33
2007-01-03,78.26,11.97,61.16
2007-01-04,77.95,12.24,61
2007-01-05,77.42,12.15,60.22
2007-01-08,77.59,12.21,60.29
2007-01-09,77.68,13.22,60.62
2007-01-10,77.85,13.86,60.32
2007-01-11,78.65,13.69,60
2007-01-12,79.36,13.52,59.74
2007-01-16,79.56,13.87,59.24
2007-01-17,78.91,13.56,59.91
2007-01-18,78.81,12.72,59.9
2007-01-19,79.25,12.64,59.37
2007-01-22,78.49,12.4,58.17
2007-01-23,78.85,12.24,59.56
2007-01-24,79.49,12.39,59.73
2007-01-25,79.01,12.32,59.63
2007-01-26,78.69,12.2,61.09
2007-01-29,78.96,12.28,61.7
2007-01-30,74.7,12.22,62.88
2007-01-31,74.3,12.25,64.07
2007-02-01,73.99,12.11,64.99
2007-02-02,73.87,12.11,65.25
2007-02-05,73.93,11.99,64.49
2007-02-06,74.27,12.02,64.42
2007-02-07,74.65,12.31,65.64
2007-02-08,74.64,12.31,65.63
2007-02-09,74.54,11.9,64.8
2007-02-12,74.59,12.13,64.6
2007-02-13,76.43,12.09,64.73
2007-02-14,76.84,12.19,66.16
2007-02-15,76.91,12.17,67.62
2007-02-16,76.84,12.12,67.67
2007-02-20,76.58,12.27,67.93
2007-02-21,76.23,12.74,68.21
2007-02-22,76.35,12.79,67.78
2007-02-23,76.21,12.72,67.26
2007-02-26,76.12,12.66,67.26
2007-02-27,74.5,11.99,64.83
2007-02-28,74.08,12.09,64.43
2007-03-01,73.66,12.44,63.9
2007-03-02,73.01,12.2,63.04
2007-03-05,73.17,12.33,63.17
2007-03-06,73.47,12.6,63.62
2007-03-07,73.8,12.53,64.23
2007-03-08,74.52,12.57,64.3
2007-03-09,74.73,12.57,64.4
2007-03-12,75.17,12.84,64.57
2007-03-13,74.77,12.63,63.34
2007-03-14,75.8,12.86,63.64
2007-03-15,75.99,12.8,63.46
2007-03-16,75.28,12.8,63.16
2007-03-19,76.36,13.02,64.17
2007-03-20,76.38,13.07,64.86
2007-03-21,76.9,13.41,66.21
2007-03-22,77.78,13.42,66.54
2007-03-23,77.97,13.36,66.88
2007-03-26,77.38,13.69,66.84
2007-03-27,77.17,13.64,66.88
2007-03-28,76.38,13.32,66.24
2007-03-29,76.09,13.39,66.19
2007-03-30,76.43,13.27,67.03
2007-04-02,76.28,13.38,66.75
2007-04-03,77.46,13.5,67.24
2007-04-04,77.16,13.47,67.48
2007-04-05,76.75,13.53,67.63
2007-04-09,76.83,13.38,67.34
2007-04-10,76.5,13.46,66.95
2007-04-11,76.23,13.23,66.35
2007-04-12,76.71,13.17,66.64
2007-04-13,76.72,12.89,66.79
2007-04-16,77.16,13.06,66.9
2007-04-17,77.28,12.91,67.66
2007-04-18,77.08,12.91,69.37
2007-04-19,77.58,12.9,68.62
2007-04-20,77.75,13,71.82
2007-04-23,77.28,13.36,71.85
2007-04-24,77,13.32,72.81
2007-04-25,76.97,13.62,73.23
2007-04-26,80.45,14.12,73
2007-04-27,81.55,14.27,73.76
2007-04-30,82.77,14.26,72.62
2007-05-01,83.61,14.21,73.24
2007-05-02,84.42,14.34,73.4
2007-05-03,84.07,14.34,73.36
2007-05-04,84.21,14.4,73.1
2007-05-07,84.93,14.85,72.67
2007-05-08,84.78,15.01,73.43
2007-05-09,85.36,15.27,74.75
2007-05-10,84.65,15.33,73.81
2007-05-11,85.55,15.53,74.88
2007-05-14,84.83,15.62,76.3
2007-05-15,86.17,15.36,76.01
2007-05-16,86.01,15.33,75.95
2007-05-17,86.67,15.63,74.84
2007-05-18,86.9,15.72,74.77
2007-05-21,87.06,16,74.85
2007-05-22,87.78,16.22,75.51
2007-05-23,87.94,16.13,76.03
2007-05-24,87.15,15.81,75.43
2007-05-25,87.35,16.23,75.71
2007-05-29,87.31,16.34,75.75
2007-05-30,87.93,16.97,78.48
2007-05-31,87.96,17.31,78.58
2007-06-01,88.43,16.91,78.14
2007-06-04,88.07,17.33,78.29
2007-06-05,87.46,17.52,78.65
2007-06-06,86.62,17.66,78.68
2007-06-07,84.88,17.72,77.31
2007-06-08,85.94,17.78,78.52
2007-06-11,85.3,17.17,78.75
2007-06-12,85.04,17.2,78.08
2007-06-13,87.19,16.79,79.93
2007-06-14,87.42,16.96,80.73
2007-06-15,87.67,17.21,81.11
2007-06-18,87.62,17.87,81.85
2007-06-19,87.82,17.67,82.49
2007-06-20,87.08,17.36,81.38
2007-06-21,87.41,17.7,81.47
2007-06-22,86.43,17.57,80.9
2007-06-25,86.25,17.48,80.7
2007-06-26,86.08,17.09,80.29
2007-06-27,87.13,17.41,79.51
2007-06-28,86.85,17.22,79.09
2007-06-29,86.79,17.43,78.3
2007-07-02,88,17.32,80.45
2007-07-03,87.94,18.17,77.99
2007-07-05,87.76,18.96,77.49
2007-07-06,88.11,18.9,78.81
2007-07-09,88.11,18.62,79.83
2007-07-10,87.22,18.91,81.22
2007-07-11,87.88,18.91,82.17
2007-07-12,89.93,19.15,84.09
2007-07-13,90.22,19.68,85.13
2007-07-16,90.87,19.73,85.9
2007-07-17,91.08,19.84,86.47
2007-07-18,91.48,19.73,86.23
2007-07-19,91.17,20,86.98
2007-07-20,90.21,20.54,83.2
2007-07-23,90.87,20.53,82
2007-07-24,89.69,19.27,81.66
2007-07-25,89.62,19.61,80.5
2007-07-26,90.05,20.86,78.29
2007-07-27,90.05,20.55,76.02
2007-07-30,90.18,20.2,77.04
2007-07-31,88.92,18.82,78.8
2007-08-01,89.07,19.29,80.13
2007-08-02,89.12,19.5,80.67
2007-08-03,87.56,18.84,78.96
2007-08-06,87.77,19.32,81
2007-08-07,88.03,19.29,80.44
2007-08-08,88.15,19.14,80.9
2007-08-09,86.86,18.06,78.48
2007-08-10,85.97,17.86,77.55
2007-08-13,86.25,18.26,77.9
2007-08-14,85.76,17.72,76.77
2007-08-15,85.06,17.13,74.95
2007-08-16,85.4,16.72,73
2007-08-17,87.83,17.44,72.64
2007-08-20,88.27,17.46,74.05
2007-08-21,88.46,18.22,74.28
2007-08-22,89.07,18.93,75.3
2007-08-23,88.75,18.72,75.17
2007-08-24,89.15,19.33,76.32
2007-08-27,88.7,18.89,76
2007-08-28,87.62,18.12,74.16
2007-08-29,88.76,19.15,75.04
2007-08-30,89.36,19.46,74.66
2007-08-31,90.99,19.78,75.77
2007-09-04,91.15,20.59,76.85
2007-09-05,89.92,19.54,75.54
2007-09-06,90.63,19.29,75.75
2007-09-07,88.92,18.82,73.44
2007-09-10,87.82,19.53,73.74
2007-09-11,88.24,19.36,73.89
2007-09-12,89.08,19.55,72.77
2007-09-13,89.09,19.6,72.99
2007-09-14,89.02,19.83,73.16
2007-09-17,88.93,19.77,73.69
2007-09-18,91.66,20.13,77.46
2007-09-19,91.96,20.11,77.91
2007-09-20,91.44,20.04,77.37
2007-09-21,91.68,20.59,78.16
2007-09-24,91.81,21.18,77.72
2007-09-25,91.91,21.88,76.37
2007-09-26,92.54,21.82,76.66
2007-09-27,93.39,22.07,77.47
2007-09-28,93.58,21.92,78.43
2007-10-01,94.74,22.33,79.56
2007-10-02,93.89,22.64,79.64
2007-10-03,94.19,22.56,78.56
2007-10-04,94.25,22.32,78.64
2007-10-05,95.85,23.06,80.33
2007-10-08,95.41,23.99,81.34
2007-10-09,95.62,23.98,82.51
2007-10-10,95.82,23.83,81.16
2007-10-11,94.36,23.18,79.44
2007-10-12,94.17,23.89,80.3
2007-10-15,94.39,23.85,78.84
2007-10-16,93.98,24.23,77.75
2007-10-17,94.26,24.68,77.13
2007-10-18,94.73,24.79,77.66
2007-10-19,86.62,24.35,73.57
2007-10-22,86.28,24.91,73.5
2007-10-23,85.93,26.59,74.42
2007-10-24,86.1,26.56,75.79
2007-10-25,86.09,26.11,74.67
2007-10-26,86.13,26.39,75.04
2007-10-29,85.97,26.44,73.9
2007-10-30,85.79,26.71,73.46
2007-10-31,86.36,27.14,74.61
2007-11-01,83.9,26.78,73.31
2007-11-02,84.89,26.84,74.76
2007-11-05,85.05,26.6,73.5
2007-11-06,85.45,27.4,74.92
2007-11-07,83.27,26.61,73.6
2007-11-08,82.83,25.07,72.43
2007-11-09,79.51,23.62,70.41
2007-11-12,79.22,21.97,69.6
2007-11-13,81.23,24.28,71.07
2007-11-14,80.21,23.73,70.03
2007-11-15,79.65,23.47,69.73
2007-11-16,81.57,23.77,69.44
2007-11-19,81.7,23.42,68.2
2007-11-20,82.11,24.12,68.28
2007-11-21,81.24,24.07,67.94
2007-11-23,82.75,24.51,68.63
2007-11-26,81,24.65,67.83
2007-11-27,82.12,24.97,68.82
2007-11-28,83.41,25.75,71.19
2007-11-29,83.61,26.33,71.72
2007-11-30,83.26,26.03,71.9
2007-12-03,82.21,25.55,72.06
2007-12-04,82.09,25.69,72.01
2007-12-05,83.76,26.5,72.71
2007-12-06,84.82,27.14,74.35
2007-12-07,86.19,27.76,74.2
2007-12-10,86.74,27.74,76.58
2007-12-11,84.65,26.93,73.72
2007-12-12,86.66,27.27,73.82
2007-12-13,86.92,27.4,74.22
2007-12-14,85.93,27.2,73.39
2007-12-17,85.78,26.34,71.16
2007-12-18,85.85,26.14,71.05
2007-12-19,84.93,26.16,70.84
2007-12-20,84.49,26.74,71.51
2007-12-21,86.05,27.7,72.73
2007-12-24,86.26,28.4,72.7
2007-12-26,86.07,28.42,73.69
2007-12-27,85.4,28.37,72.73
2007-12-28,85.09,28.55,73.16
2007-12-31,84.32,28.3,72.56
2008-01-02,82.71,27.83,70.63
2008-01-03,82.7,27.85,70.38
2008-01-04,81.76,25.72,68.53
2008-01-07,81.11,25.38,68.73
2008-01-08,80.21,24.46,67.15
2008-01-09,80.19,25.6,67.23
2008-01-10,80.21,25.43,67.41
2008-01-11,77.58,24.67,66.01
2008-01-14,78.5,25.54,67.27
2008-01-15,77.18,24.15,65.4
2008-01-16,77.3,22.81,64.27
2008-01-17,74.96,22.98,62.47
2008-01-18,74.91,23.05,62.81
2008-01-22,75.16,22.23,63.82
2008-01-23,76.1,19.87,65.08
2008-01-24,75.73,19.37,65.25
2008-01-25,75.51,18.57,65.93
2008-01-28,77.44,18.57,68.21
2008-01-29,78.02,18.79,68.99
2008-01-30,78.22,18.88,68.44
2008-01-31,79.65,19.34,70.99
2008-02-01,81.21,19.11,71.76
2008-02-04,80.57,18.81,70.95
2008-02-05,79.09,18.48,67.52
2008-02-06,79.18,17.43,67.98
2008-02-07,79.12,17.32,68.32
2008-02-08,78.56,17.93,68.01
2008-02-11,79.28,18.49,69.42
2008-02-12,79.1,17.84,70
2008-02-13,81.38,18.49,71.65
2008-02-14,80.29,18.21,70.44
2008-02-15,79.95,17.8,69.95
2008-02-19,79.85,17.45,70.4
2008-02-20,79.94,17.69,71.25
2008-02-21,78.96,17.36,70.79
2008-02-22,79.67,17.07,71.18
2008-02-25,81,17.11,72.25
2008-02-26,81.29,17.02,73.3
2008-02-27,80.48,17.57,74.22
2008-02-28,79.8,18.56,74.39
2008-02-29,78.4,17.86,72.33
2008-03-03,78.49,17.39,73.2
2008-03-04,78.41,17.8,71.74
2008-03-05,78.93,17.78,71.85
2008-03-06,77.95,17.28,70.75
2008-03-07,76.51,17.46,69.84
2008-03-10,75.48,17.1,68.72
2008-03-11,77.95,18.19,72.61
2008-03-12,78.42,18,75.25
2008-03-13,79.08,18.28,75.67
2008-03-14,77.53,18.09,74.79
2008-03-17,78.51,18.1,74.46
2008-03-18,80.95,18.97,76.87
2008-03-19,79.47,18.52,73.73
2008-03-20,77.98,19.04,73.82
2008-03-24,78.64,19.93,76.03
2008-03-25,78.98,20.14,76.64
2008-03-26,78.66,20.72,77.36
2008-03-27,77.86,20.04,77.03
2008-03-28,77.95,20.43,77.09
2008-03-31,79.15,20.5,78.29
2008-04-01,81.32,21.36,79.98
2008-04-02,80.91,21.07,78.51
2008-04-03,80.17,21.66,77.07
2008-04-04,80.52,21.87,77.83
2008-04-07,80.19,22.27,77.25
2008-04-08,79.88,21.83,77.59
2008-04-09,79.59,21.63,76.16
2008-04-10,80.35,22.08,75.71
2008-04-11,78.47,21.02,74.8
2008-04-14,78.26,21.11,75.54
2008-04-15,78.84,21.2,75.95
2008-04-16,80.69,21.96,79.02
2008-04-17,80.65,22.07,78.59
2008-04-18,82.9,23.01,85.28
2008-04-21,82.34,24.02,83.33
2008-04-22,81.18,22.89,82.01
2008-04-23,80.63,23.27,81.69
2008-04-24,79.13,24.13,81.82
2008-04-25,77.82,24.25,82.25
2008-04-28,77.13,24.61,83.03
2008-04-29,76.86,25.01,81.51
2008-04-30,76.9,24.85,81.88
2008-05-01,77.84,25.71,82.35
2008-05-02,78.55,25.85,82.8
2008-05-05,77.55,26.39,82.75
2008-05-06,77.76,26.67,83.23
2008-05-07,76.68,26.08,81.63
2008-05-08,76.95,26.44,82.42
2008-05-09,76.32,26.21,81.76
2008-05-12,77.67,26.88,83.82
2008-05-13,77.18,27.14,84.07
2008-05-14,77.73,26.61,82.75
2008-05-15,77.86,27.1,83.5
2008-05-16,78.66,26.8,83.7
2008-05-19,79.05,26.23,84.28
2008-05-20,77.53,26.56,83.84
2008-05-21,76.12,25.46,83.4
2008-05-22,76.64,25.29,82.22
2008-05-23,75.81,25.88,81.55
2008-05-27,76.17,26.63,81.95
2008-05-28,76.9,26.72,83.19
2008-05-29,77.76,26.67,82.78
2008-05-30,77.56,26.96,82.64
2008-06-02,76.25,26.59,82.33
2008-06-03,76.23,26.48,82.42
2008-06-04,76.36,26.46,82.46
2008-06-05,77.5,27.06,82.73
2008-06-06,74.86,26.52,79.99
2008-06-09,75.82,25.94,80.81
2008-06-10,76,26.52,80.1
2008-06-11,75.27,25.83,78.93
2008-06-12,75.55,24.75,80.5
2008-06-13,76.12,24.62,81.5
2008-06-16,75.2,25.26,80.91
2008-06-17,74.97,25.92,80.69
2008-06-18,74.3,25.54,79.7
2008-06-19,74.12,25.84,79.48
2008-06-20,73.02,25.04,79.08
2008-06-23,72.96,24.74,80
2008-06-24,72.43,24.75,76.64
2008-06-25,72.57,25.34,76.58
2008-06-26,70.26,24.04,74.28
2008-06-27,69.51,24.3,73.75
2008-06-30,69.59,23.92,73.82
2008-07-01,69.78,24.95,74.09
2008-07-02,68.48,24.03,70.42
2008-07-03,69.46,24.3,70.31
2008-07-07,69.85,25.02,70.81
2008-07-08,71.03,25.65,69.51
2008-07-09,68.64,24.89,68.43
2008-07-10,68.92,25.23,68.42
2008-07-11,68.72,24.65,69.81
2008-07-14,69.02,24.84,69.67
2008-07-15,67.69,24.23,67.04
2008-07-16,68.64,24.69,70.53
2008-07-17,69.45,24.54,71.83
2008-07-18,68.94,23.59,70.89
2008-07-21,68.73,23.76,73.23
2008-07-22,70.3,23.15,74.98
2008-07-23,70.8,23.75,72.42
2008-07-24,71.05,22.72,69.78
2008-07-25,70.95,23.16,70.48
2008-07-28,69.63,22.06,69.19
2008-07-29,70.49,22.44,70.99
2008-07-30,71.3,22.84,72.07
2008-07-31,70.39,22.71,69.52
2008-08-01,70.15,22.38,68.14
2008-08-04,69.75,21.89,67.43
2008-08-05,71.88,22.95,68.18
2008-08-06,71.81,23.46,70.51
2008-08-07,71.18,23.37,68.93
2008-08-08,73.48,24.22,70.9
2008-08-11,74.38,24.79,70.8
2008-08-12,73.6,25.25,71.81
2008-08-13,72.96,25.61,69.83
2008-08-14,73.04,25.62,70.29
2008-08-15,73.49,25.11,70.35
2008-08-18,72.45,25.06,69.22
2008-08-19,71.31,24.79,68.69
2008-08-20,70.69,25.12,68.8
2008-08-21,70.91,24.9,68.7
2008-08-22,72.28,25.26,70.27
2008-08-25,70.73,24.65,68.56
2008-08-26,70.72,24.81,68.68
2008-08-27,70.72,24.95,69.56
2008-08-28,72.5,24.82,71.68
2008-08-29,71.6,24.22,70.73
2008-09-02,71.12,23.74,69.08
2008-09-03,70.83,23.85,67.73
2008-09-04,69.74,23.03,63.94
2008-09-05,69.19,22.88,64.07
2008-09-08,71.18,22.56,64.58
2008-09-09,69.45,21.67,61.38
2008-09-10,68.68,21.66,62.82
2008-09-11,69.94,21.81,64.81
2008-09-12,70.15,21.28,65.46
2008-09-15,68.88,20.05,63.21
2008-09-16,69.73,19.98,64.73
2008-09-17,68.85,18.26,63.15
2008-09-18,70.5,19.16,65.32
2008-09-19,72.68,20.13,66.49
2008-09-22,70.7,18.72,64.6
2008-09-23,69,18.12,63.54
2008-09-24,68.57,18.39,61.74
2008-09-25,69.73,18.85,61.96
2008-09-26,69.45,18.32,64.13
2008-09-29,66.32,15.04,59.89
2008-09-30,68.31,16.24,59.6
2008-10-01,67.39,15.59,56.95
2008-10-02,65.6,14.3,52.22
2008-10-03,64.6,13.87,51.21
2008-10-06,63,14.02,49.2
2008-10-07,59.97,12.74,47.33
2008-10-08,57.37,12.83,47.65
2008-10-09,53.5,12.68,44.8
2008-10-10,54.26,13.8,43.13
2008-10-13,59.62,15.75,49.48
2008-10-14,59.37,14.87,47.49
2008-10-15,54.68,13.99,42.06
2008-10-16,57.27,14.56,42.37
2008-10-17,56.49,13.91,39.32
2008-10-20,57.51,14.06,40.9
2008-10-21,60.04,13.07,38.83
2008-10-22,58.19,13.84,36.52
2008-10-23,61.54,14.03,35.36
2008-10-24,59.61,13.77,33.3
2008-10-27,60.37,13.16,32.78
2008-10-28,64.31,14.27,34.95
2008-10-29,62.5,14.94,36.14
2008-10-30,62.55,15.86,37.37
2008-10-31,64.3,15.37,38.2
2008-11-03,64.11,15.28,39.01
2008-11-04,65.61,15.86,42.25
2008-11-05,64.52,14.76,40.4
2008-11-06,62.36,14.16,37.6
2008-11-07,64.83,14.03,38.45
2008-11-10,64.95,13.7,37.41
2008-11-11,62.38,13.54,36.87
2008-11-12,59.44,12.87,35.08
2008-11-13,64.43,13.78,39.41
2008-11-14,63.06,12.89,36.96
2008-11-17,60.8,12.59,35.7
2008-11-18,62.17,12.84,36.19
2008-11-19,58.77,12.33,33.87
2008-11-20,56.79,11.5,32.84
2008-11-21,61.3,11.8,34.67
2008-11-24,63.26,13.28,36.34
2008-11-25,63.64,12.97,37.27
2008-11-26,65.91,13.57,39.33
2008-11-28,66.93,13.24,40.99
2008-12-01,62.35,12.7,36.58
2008-12-02,60.86,13.21,38
2008-12-03,60.71,13.7,39.65
2008-12-04,59.14,13.06,37.52
2008-12-05,59.85,13.43,38.26
2008-12-08,57.38,14.25,42.42
2008-12-09,56.15,14.29,42.38
2008-12-10,57.52,14.03,43.67
2008-12-11,55.14,13.57,42.2
2008-12-12,56.04,14.04,42.08
2008-12-15,55.63,13.54,42.21
2008-12-16,58.32,13.63,43.8
2008-12-17,58.58,12.74,44.65
2008-12-18,56.71,12.78,42.16
2008-12-19,56.62,12.86,42.69
2008-12-22,56.37,12.25,41.78
2008-12-23,55.44,12.34,41.13
2008-12-24,55.5,12.15,41.91
2008-12-26,55.74,12.26,42.72
2008-12-29,55.37,12.37,42.34
2008-12-30,57.17,12.33,43.66
2008-12-31,57.54,12.19,44.67
2009-01-02,59.19,12.96,46.91
2009-01-05,58.5,13.51,46.08
2009-01-06,59.19,13.29,45.8
2009-01-07,58.07,13,43.67
2009-01-08,58.58,13.24,44.02
2009-01-09,57.74,12.94,43.2
2009-01-12,57.08,12.67,41.19
2009-01-13,56.25,12.53,41.4
2009-01-14,55.04,12.19,39.35
2009-01-15,55.17,11.91,39.39
2009-01-16,56.42,11.76,39.55
2009-01-20,53.92,11.17,38.32
2009-01-21,54.24,11.83,39.55
2009-01-22,54.06,12.62,37.23
2009-01-23,52.9,12.62,35.66
2009-01-26,53.56,12.81,32.67
2009-01-27,53.99,12.96,32.32
2009-01-28,55.42,13.46,33
2009-01-29,56.55,13.29,31.85
2009-01-30,53.79,12.88,30.85
2009-02-02,50.62,13.07,30.29
2009-02-03,51.64,13.28,29.99
2009-02-04,50.84,13.36,30.6
2009-02-05,51.55,13.78,31.61
2009-02-06,52.39,14.25,33.28
2009-02-09,54.11,14.64,32.72
2009-02-10,51.08,13.98,30.92
2009-02-11,51.29,13.83,31.13
2009-02-12,49.97,14.18,31.02
2009-02-13,49.42,14.17,30.94
2009-02-17,47.42,13.5,28.98
2009-02-18,47.14,13.48,28.44
2009-02-19,47.07,12.95,27.02
2009-02-20,47.25,13,26.66
2009-02-23,45.41,12.42,25.12
2009-02-24,47.4,12.89,26.04
2009-02-25,46.61,13.02,25.03
2009-02-26,46.33,12.74,24.23
2009-02-27,45.46,12.76,24.61
2009-03-02,42.84,12.56,22.17
2009-03-03,43.12,12.62,22.47
2009-03-04,44.82,13.02,25.44
2009-03-05,42.51,12.69,23.49
2009-03-06,41.83,12.19,23.23
2009-03-09,42.07,11.87,23.92
2009-03-10,45.49,12.66,26.51
2009-03-11,46.8,13.24,26.31
2009-03-12,48,13.76,27.02
2009-03-13,48,13.7,26.78
2009-03-16,47.47,13.63,26.42
2009-03-17,48.76,14.24,26.83
2009-03-18,49.2,14.5,27.47
2009-03-19,47.47,14.52,28.41
2009-03-20,45.93,14.51,27.07
2009-03-23,49.32,15.38,29.63
2009-03-24,48.3,15.21,29.4
2009-03-25,49.02,15.21,28.91
2009-03-26,51.03,15.7,30.78
2009-03-27,50.33,15.26,30.35
2009-03-30,48.65,14.93,27.53
2009-03-31,49.72,15.02,27.96
2009-04-01,50.65,15.53,28.99
2009-04-02,52.13,16.1,31.54
2009-04-03,52.11,16.57,32.15
2009-04-06,52.08,16.92,31.31
2009-04-07,50.8,16.43,29.45
2009-04-08,51.38,16.62,29.57
2009-04-09,53.13,17.08,32.52
2009-04-13,53.35,17.17,33.16
2009-04-14,52.94,16.9,32.7
2009-04-15,53.73,16.81,33.02
2009-04-16,54.76,17.35,32.71
2009-04-17,53.81,17.63,32.29
2009-04-20,51.97,17.21,30.48
2009-04-21,53.29,17.39,31.39
2009-04-22,53.06,17.36,32.45
2009-04-23,54.21,17.91,32.45
2009-04-24,57,17.7,33.63
2009-04-27,57.35,17.82,33.39
2009-04-28,56.55,17.7,32.78
2009-04-29,57.52,17.88,33.69
2009-04-30,57.6,17.98,35.58
2009-05-01,57.88,18.18,37.26
2009-05-04,58.48,18.87,38.48
2009-05-05,58.43,18.96,39.41
2009-05-06,59.14,18.93,40
2009-05-07,58.77,18.44,37.92
2009-05-08,60.09,18.46,39.64
2009-05-11,59.11,18.51,38.43
2009-05-12,59.53,17.77,38.06
2009-05-13,56.94,17.07,36.08
2009-05-14,57.94,17.56,36.07
2009-05-15,57.92,17.49,35.74
2009-05-18,59.23,18.09,37.78
2009-05-19,59,18.21,37.67
2009-05-20,58.2,17.98,37.3
2009-05-21,56.55,17.74,35.54
2009-05-22,56.07,17.5,34.31
2009-05-26,57.91,18.68,35
2009-05-27,56.04,19.01,35.05
2009-05-28,56.55,19.3,34.59
2009-05-29,57.1,19.4,35.46
2009-06-01,59.29,19.91,37.55
2009-06-02,59.96,19.93,37.45
2009-06-03,59.5,20.14,36.66
2009-06-04,59.85,20.53,38.02
2009-06-05,60.94,20.67,38.47
2009-06-08,60.69,20.55,38.57
2009-06-09,60.34,20.39,38.24
2009-06-10,60.46,20.04,37.62
2009-06-11,60.58,19.99,37.61
2009-06-12,61,19.57,37.73
2009-06-15,59.31,19.44,36.12
2009-06-16,58.41,19.48,35.56
2009-06-17,59.04,19.37,34.8
2009-06-18,59.31,19.41,34.08
2009-06-19,59.37,19.93,33.65
2009-06-22,57.47,19.62,32.36
2009-06-23,57.06,19.14,33
2009-06-24,57.48,19.46,33.4
2009-06-25,58.9,19.98,34.49
2009-06-26,59.26,20.35,34.56
2009-06-29,59.96,20.28,34.74
2009-06-30,60.1,20.35,33.04
2009-07-01,60.74,20.4,33.19
2009-07-02,60.25,20,31.74
2009-07-06,60.67,19.8,31.7
2009-07-07,58.76,19.34,30.29
2009-07-08,59.02,19.6,30.58
2009-07-09,59.09,19.48,30.65
2009-07-10,59.79,19.79,30.53
2009-07-13,60.49,20.33,31.8
2009-07-14,60.63,20.32,31.93
2009-07-15,62,20.98,33.84
2009-07-16,63.4,21.07,34.15
2009-07-17,62.92,21.68,33.99
2009-07-20,63.84,21.84,36.65
2009-07-21,64.2,21.64,39.46
2009-07-22,64.67,22.39,38.66
2009-07-23,69.43,22.55,41.26
2009-07-24,69.42,22.86,42
2009-07-27,69.91,22.87,42.86
2009-07-28,69.88,22.86,42.9
2009-07-29,68.72,22.86,41.83
2009-07-30,69.9,23.26,43.41
2009-07-31,70.52,23.34,44.06
2009-08-03,72.14,23.78,45.12
2009-08-04,72.03,23.65,47.89
2009-08-05,71.83,23.59,46.64
2009-08-06,72.4,23.42,47.14
2009-08-07,72.9,23.64,47.78
2009-08-10,70.91,23.53,47.15
2009-08-11,71.34,23.26,46.28
2009-08-12,72.33,23.62,47.58
2009-08-13,72.6,24.06,47.17
2009-08-14,71.32,23.83,46
2009-08-17,70.08,22.8,43.95
2009-08-18,70.35,23.43,45.11
2009-08-19,70.79,23.51,45.17
2009-08-20,71.23,23.76,45.5
2009-08-21,72.64,24.17,47.3
2009-08-24,72.56,24.15,47.56
2009-08-25,72.68,24.2,47.83
2009-08-26,71.42,23.92,47.25
2009-08-27,71.63,24.21,47.08
2009-08-28,71.92,24.29,46.71
2009-08-31,72.1,24.03,45.31
2009-09-01,70.12,23.61,43.84
2009-09-02,70.58,23.6,43.51
2009-09-03,71.02,23.79,45.04
2009-09-04,71.35,24.33,46.11
2009-09-08,71.69,24.7,46.97
2009-09-09,73.18,24.45,48.41
2009-09-10,74.39,24.65,48.69
2009-09-11,74,24.59,48.53
2009-09-14,74.56,24.82,48.77
2009-09-15,74.68,25.02,51.7
2009-09-16,75.38,25.98,52.62
2009-09-17,74.89,26.36,53.89
2009-09-18,74.62,26.43,53.42
2009-09-21,74.54,26.29,52.46
2009-09-22,74.97,26.35,54.34
2009-09-23,74.42,26.5,53.14
2009-09-24,74.1,26.26,51.85
2009-09-25,73.8,26.05,51.2
2009-09-28,75.01,26.59,52.18
2009-09-29,73.94,26.48,51.6
2009-09-30,73.8,26.48,51.33
2009-10-01,72.55,25.84,49.45
2009-10-02,71.93,26.41,48.83
2009-10-05,73.02,26.57,50.75
2009-10-06,73.93,27.14,51.7
2009-10-07,73.14,27.18,51.9
2009-10-08,74.53,27.04,53.09
2009-10-09,74.73,27.21,53.64
2009-10-12,74.88,27.26,53.05
2009-10-13,74.65,27.15,52.74
2009-10-14,76.57,27.33,54.51
2009-10-15,76.77,27.22,54.77
2009-10-16,76.02,26.86,54.57
2009-10-19,76.32,27.12,57.85
2009-10-20,75.95,28.39,59.61
2009-10-21,76.33,29.27,58.4
2009-10-22,78.79,29.31,58.74
2009-10-23,77.82,29.13,57.6
2009-10-26,76.82,28.93,57.07
2009-10-27,76,28.2,56.69
2009-10-28,74.46,27.49,54.43
2009-10-29,75.48,28.05,57.25
2009-10-30,73.57,26.93,55.06
2009-11-02,74.28,27.04,55.49
2009-11-03,74.06,26.96,56.46
2009-11-04,74.07,27.26,56.22
2009-11-05,75.46,27.72,57.99
2009-11-06,75.41,27.76,57.6
2009-11-09,77.2,28.78,60
2009-11-10,77.99,29,59.96
2009-11-11,77.96,29.04,60.06
2009-11-12,77.21,28.86,58.57
2009-11-13,77.32,29.21,58.78
2009-11-16,78.02,29.52,60.4
2009-11-17,78.78,29.57,59.88
2009-11-18,77.8,29.42,59.41
2009-11-19,77.25,28.64,58.61
2009-11-20,76.64,28.56,57.95
2009-11-23,77.73,29.41,58.14
2009-11-24,77.61,29.21,58
2009-11-25,77.91,29.17,59.04
2009-11-27,76.75,28.66,57.45
2009-11-30,77.44,28.56,58.39
2009-12-01,78.63,28.14,59.68
2009-12-02,78.41,28.03,58.94
2009-12-03,77.15,28.07,58.2
2009-12-04,78.24,27.62,58.3
2009-12-07,77.91,26.99,57.56
2009-12-08,77.11,27.12,56.38
2009-12-09,79.74,28.26,56.18
2009-12-10,80.68,28.06,56.94
2009-12-11,81.75,27.81,57.51
2009-12-14,81.91,28.14,58.3
2009-12-15,82.7,27.74,58.2
2009-12-16,81.72,27.86,58.23
2009-12-17,80.47,27.41,57.53
2009-12-18,80.97,27.92,57.19
2009-12-21,81.43,28.32,57.6
2009-12-22,81.96,28.62,57.89
2009-12-23,82.19,28.87,58.32
2009-12-24,82.55,29.86,58.33
2009-12-28,83.45,30.23,58.51
2009-12-29,84.13,29.87,58.18
2009-12-30,83.9,30.23,58.05
2009-12-31,82.67,30.1,56.99
2010-01-04,83.02,30.57,58.55
2010-01-05,82.5,30.63,59.25
2010-01-06,83.67,30.14,59.43
2010-01-07,83.73,30.08,59.67
2010-01-08,84.32,30.28,60.34
2010-01-11,83.98,30.02,64.13
2010-01-12,84.05,29.67,62.24
2010-01-13,83.78,30.09,62.33
2010-01-14,83.5,29.92,61.98
2010-01-15,83.37,29.42,60.12
2010-01-19,85.12,30.72,60.93
2010-01-20,84.72,30.25,59.76
2010-01-21,82.7,29.72,56.85
2010-01-22,81.48,28.25,54.25
2010-01-25,81.83,29.01,55.14
2010-01-26,81.63,29.42,55.85
2010-01-27,82.3,29.7,53.44
2010-01-28,80.75,28.47,51.86
2010-01-29,80.49,27.44,52.24
2010-02-01,80.44,27.82,52.94
2010-02-02,80.43,27.98,53.55
2010-02-03,81.5,28.46,53.39
2010-02-04,79.21,27.44,51.4
2010-02-05,78.54,27.92,51.75
2010-02-08,77.53,27.73,50.78
2010-02-09,78.72,28.03,53.53
2010-02-10,78.62,27.87,53.15
2010-02-11,80.27,28.38,56.15
2010-02-12,79.18,28.63,56.2
2010-02-16,80.47,29.06,57.12
2010-02-17,80.14,28.94,57.5
2010-02-18,81.11,28.99,57.81
2010-02-19,81.52,28.81,58.25
2010-02-22,80.68,28.63,58.03
2010-02-23,79.71,28.15,56.66
2010-02-24,80.07,28.66,56.96
2010-02-25,79.74,28.86,56.79
2010-02-26,80.15,29.23,57.05
2010-03-01,80.58,29.86,57.85
2010-03-02,81.13,29.84,58.15
2010-03-03,81,29.9,58.57
2010-03-04,81.02,30.1,58.45
2010-03-05,82.44,31.28,59.23
2010-03-08,81.31,31.3,58.91
2010-03-09,81.99,31.86,59.18
2010-03-10,81.56,32.12,58.78
2010-03-11,81.26,32.21,58.9
2010-03-12,81.38,32.37,60.36
2010-03-15,81.26,31.98,59.47
2010-03-16,81.66,32.06,59.45
2010-03-17,82.18,32.02,60.22
2010-03-18,83.67,32.09,59.77
2010-03-19,81.96,31.75,59.37
2010-03-22,81.84,32.11,59.95
2010-03-23,82.35,32.62,62.41
2010-03-24,81.61,32.77,62.06
2010-03-25,80.93,32.38,62.14
2010-03-26,81,32.99,62.44
2010-03-29,81.36,33.2,63.48
2010-03-30,84.28,33.69,63.16
2010-03-31,83.57,33.57,62.85
2010-04-01,83.85,34.07,63.99
2010-04-05,84.19,34.22,64.99
2010-04-06,84.35,34.37,65.29
2010-04-07,83.66,34.28,64.47
2010-04-08,82.95,34.54,64.48
2010-04-09,83.49,34.61,65.27
2010-04-12,83.28,34.63,66.73
2010-04-13,83.94,35.1,66.19
2010-04-14,84.39,35.56,67.28
2010-04-15,85,35.34,68.22
2010-04-16,83.76,35.3,66.88
2010-04-19,83.9,34.94,66.99
2010-04-20,85.27,37.03,67.5
2010-04-21,85.7,38.07,67.75
2010-04-22,86.05,38.69,67.51
2010-04-23,86.58,38.5,68.78
2010-04-26,87.44,37.43,71.65
2010-04-27,87.97,37.37,68.53
2010-04-28,88.24,38.38,68.97
2010-04-29,89.33,37.3,70.75
2010-04-30,88.67,38.05,68.09
2010-05-03,89.81,36.95,69.94
2010-05-04,87.68,36.57,66.7
2010-05-05,86.59,35.18,65.96
2010-05-06,84.24,33.69,63.5
2010-05-07,82.63,36.28,62.1
2010-05-10,85.97,36.65,66.69
2010-05-11,85.04,37.44,66.07
2010-05-12,86.44,36.91,68.15
2010-05-13,85.59,36.26,66.91
2010-05-14,84.68,36.32,64.88
2010-05-17,84.68,36.05,63.78
2010-05-18,84.02,35.48,63.19
2010-05-19,82.54,33.97,61.44
2010-05-20,79.58,34.62,58.67
2010-05-21,80.7,35.25,60.09
2010-05-24,79.59,35.03,59.22
2010-05-25,79.47,34.87,59.21
2010-05-26,79.17,36.19,59.73
2010-05-27,81.43,36.7,62.06
2010-05-28,79.31,37.26,60.76
2010-06-01,78.07,37.71,59.27
2010-06-02,78.74,37.59,60.86
2010-06-03,78.34,36.57,61.11
2010-06-04,76.1,35.85,57.76
2010-06-07,74.74,35.62,55.83
2010-06-08,74.92,34.74,56.61
2010-06-09,74.79,35.79,56.81
2010-06-10,77.43,36.22,59.95
2010-06-11,78.3,36.33,60.23
2010-06-14,78.14,37.1,61
2010-06-15,79.77,38.18,63.46
2010-06-16,80.88,38.84,64.39
2010-06-17,81.03,39.15,64.95
2010-06-18,81.18,38.6,65.85
2010-06-21,81.47,39.12,66.07
2010-06-22,80.03,38.71,64.11
2010-06-23,80.12,38.43,64.33
2010-06-24,78.18,38.1,63.37
2010-06-25,78.9,38.33,64.71
2010-06-28,78.98,36.6,64.4
2010-06-29,78.49,35.93,60.85
2010-06-30,78.99,35.5,60.07
2010-07-01,78.55,35.28,59.97
2010-07-02,77.67,35.52,59.18
2010-07-06,78.14,36.95,59.81
2010-07-07,80.52,36.87,62.18
2010-07-08,81.22,37.09,63.17
2010-07-09,82.16,36.76,64.72
2010-07-12,82.26,35.97,64.28
2010-07-13,83.55,36.1,66.79
2010-07-14,83.05,35.92,66.7
2010-07-15,83.06,35.7,66.51
2010-07-16,80.95,35.08,63.94
2010-07-19,81.22,35.98,64.8
2010-07-20,82.19,36.32,66.43
2010-07-21,82.3,37,66.87
2010-07-22,84.75,37.13,68
2010-07-23,86.17,37.04,69.31
2010-07-26,87.32,37.73,69.99
2010-07-27,86.8,37.28,69.18
2010-07-28,86.69,36.87,69.72
2010-07-29,86.34,36.75,69.4
2010-07-30,85.54,37.41,69.75
2010-08-02,87.41,37.42,71.05
2010-08-03,87.21,37.57,70.37
2010-08-04,88,37.39,71.12
2010-08-05,87.72,37.16,71.96
2010-08-06,87.29,37.39,71.56
2010-08-09,88.03,37.06,72.07
2010-08-10,87.11,35.74,71.42
2010-08-11,84.1,35.97,68.71
2010-08-12,84.01,35.59,67.5
2010-08-13,84.01,35.38,68.01
2010-08-16,83.43,36,68.49
2010-08-17,84.09,36.15,69.74
2010-08-18,83.61,35.7,69.75
2010-08-19,81.81,35.66,69.29
2010-08-20,80.66,35.11,68.86
2010-08-23,81.08,34.28,66.84
2010-08-24,80.45,34.7,65.04
2010-08-25,80.75,34.33,64.7
2010-08-26,79.78,34.52,63.95
2010-08-27,81,34.64,65.9
2010-08-30,79.65,34.73,64.47
2010-08-31,78.57,35.76,65.16
2010-09-01,81.01,36.02,68.16
2010-09-02,81.87,36.97,68.54
2010-09-03,83.48,36.83,70.08
2010-09-07,82.14,37.56,69.7
2010-09-08,82.75,37.58,70.74
2010-09-09,82.96,37.63,70.64
2010-09-10,83.94,38.15,71.26
2010-09-13,84.86,38.29,72.24
2010-09-14,84.63,38.6,71.83
2010-09-15,84.58,39.51,72.13
2010-09-16,84.95,39.34,72
2010-09-17,86.07,40.46,73.18
2010-09-20,87.41,40.54,74.75
2010-09-21,86.55,41.11,76.39
2010-09-22,86.63,41.27,76.18
2010-09-23,85.53,41.76,76.26
2010-09-24,86.96,41.6,79.73
2010-09-27,86.19,40.98,79.54
2010-09-28,87.04,41.05,79.67
2010-09-29,87.17,40.54,79.99
2010-09-30,86.71,40.36,78.68
2010-10-01,87.62,39.81,78.22
2010-10-04,86.7,41.28,77.27
2010-10-05,88.86,41.31,79.4
2010-10-06,89.89,41.32,79.08
2010-10-07,88.9,42.01,78.74
2010-10-08,89.16,42.19,80.37
2010-10-11,88.25,42.65,79.98
2010-10-12,88.15,42.88,79.34
2010-10-13,89.14,43.19,80.29
2010-10-14,89.07,44.96,79.91
2010-10-15,89.14,45.43,79.75
2010-10-18,89.66,44.21,80.24
2010-10-19,88.55,44.36,78.55
2010-10-20,89.47,44.22,80.32
2010-10-21,90.55,43.92,78.89
2010-10-22,90.44,44.12,78.33
2010-10-25,90.9,44.01,79.05
2010-10-26,90.47,43.98,78.65
2010-10-27,90.37,43.61,78.22
2010-10-28,85.07,43,77.74
2010-10-29,84.22,43.45,78.6
2010-11-01,83.98,44.19,79.27
2010-11-02,84.8,44.69,79.75
2010-11-03,85.3,45.47,79.88
2010-11-04,87.04,45.3,83.18
2010-11-05,86.34,45.52,83.54
2010-11-08,85.86,45.15,83.12
2010-11-09,85.3,45.43,81.91
2010-11-10,86.25,45.24,82.46
2010-11-11,86.5,44,82.44
2010-11-12,86.24,43.86,81.04
2010-11-15,86.2,43.08,81.82
2010-11-16,84.24,42.93,80.37
2010-11-17,83.95,44.06,81.17
2010-11-18,85.55,43.82,83.11
2010-11-19,85.01,44.77,83.97
2010-11-22,84.9,44.1,84
2010-11-23,83.59,44.97,82.63
2010-11-24,84.66,45,84.69
2010-11-26,84.4,45.27,84.13
2010-11-29,84.22,44.45,83.67
2010-11-30,83.98,45.2,84.6
2010-12-01,86.05,45.45,87.45
2010-12-02,86.51,45.35,88.62
2010-12-03,86.94,45.74,89.38
2010-12-06,86.88,45.46,89.2
2010-12-07,84.19,45.86,90.35
2010-12-08,84.68,45.68,89.62
2010-12-09,84.11,45.79,89.67
2010-12-10,84.32,45.95,89.94
2010-12-13,85.3,45.76,91.63
2010-12-14,85.84,45.77,92.09
2010-12-15,85.81,45.89,93.12
2010-12-16,86.4,45.8,93.2
2010-12-17,86.37,46.03,92.59
2010-12-20,87.34,46.32,93.3
2010-12-21,86.53,46.45,94.63
2010-12-22,86.72,46.23,94.57
2010-12-23,86.47,46.38,94.45
2010-12-27,87.01,46.5,94.07
2010-12-28,86.74,46.47,93.69
2010-12-29,86.76,46.24,93.78
2010-12-30,86.54,46.08,93.87
2010-12-31,86.3,47.08,93.66
2011-01-03,86.79,47.33,94.15
2011-01-04,86.67,47.71,93.71
2011-01-05,86.67,47.68,94.52
2011-01-06,86.14,48.02,93.54
2011-01-07,86.23,48.92,93.73
2011-01-10,87.15,48.81,93.39
2011-01-11,87.74,49.2,93.95
2011-01-12,88.66,49.38,93.49
2011-01-13,88.04,49.78,94.14
2011-01-14,88.1,48.66,94.01
2011-01-18,88.14,48.41,96.23
2011-01-19,87.96,47.53,95.54
2011-01-20,88.04,46.67,93.61
2011-01-21,89.29,48.21,92.75
2011-01-24,90.32,48.77,94.57
2011-01-25,88.5,49.12,94.39
2011-01-26,89.57,49.03,95.75
2011-01-27,89.19,48.01,96.63
2011-01-28,87.44,48.47,95.68
2011-01-31,87.92,49.29,97.01
2011-02-01,87.79,49.19,98.01
2011-02-02,87.75,49.06,99.09
2011-02-03,87.95,49.5,98.93
2011-02-04,88.29,50.27,99.59
2011-02-07,88.79,50.74,100.47
2011-02-08,89.47,51.17,100.61
2011-02-09,90.78,50.65,99.79
2011-02-10,90.46,50.98,100.6
2011-02-11,91.8,51.31,103.54
2011-02-14,91.9,51.41,103.26
2011-02-15,92,51.88,103
2011-02-16,92.33,51.19,103.55
2011-02-17,92.73,50.08,103.36
2011-02-18,92.96,48.37,105.86
2011-02-22,92,48.95,102.01
2011-02-23,90.26,48.98,100.02
2011-02-24,90.03,49.74,100.57
2011-02-25,90.25,50.46,102
2011-02-28,92.23,49.9,102.93
2011-03-01,90.46,50.3,99.86
2011-03-02,91.32,51.37,100.97
2011-03-03,92.81,51.43,104.25
2011-03-04,92.19,50.77,103.04
2011-03-07,92.4,50.82,102.13
2011-03-08,93.75,50.35,104.13
2011-03-09,93.17,49.52,102.36
2011-03-10,90.01,50.28,98.39
2011-03-11,91.61,50.51,100.02
2011-03-14,91.02,49.35,102.1
2011-03-15,89.5,47.14,100.75
2011-03-16,87.55,47.81,100.4
2011-03-17,88.69,47.24,103.12
2011-03-18,88.98,48.47,105.06
2011-03-21,90.95,48.74,107.59
2011-03-22,90.7,48.46,106.79
2011-03-23,92.14,49.28,106.76
2011-03-24,92.58,50.22,108.37
2011-03-25,92.27,50.06,109.09
2011-03-28,92.12,50.14,109.4
2011-03-29,92.84,49.8,110.54
2011-03-30,92.47,49.79,111.53
2011-03-31,93.5,49.22,111.35
2011-04-01,93.13,48.74,113.12
2011-04-04,93.64,48.41,113.38
2011-04-05,93.39,48.29,112.31
2011-04-06,93.82,48.3,111
2011-04-07,93.19,47.87,109.85
2011-04-08,93.22,47.26,109.82
2011-04-11,93.8,47.49,109.07
2011-04-12,92.37,48.02,106.57
2011-04-13,92.86,47.49,107.63
2011-04-14,92.94,46.78,107.58
2011-04-15,92.82,47.41,107.21
2011-04-18,91.45,48.27,103.9
2011-04-19,91.86,48.92,106.1
2011-04-20,93.76,50.1,108.28
2011-04-21,93.92,50.43,109.42
2011-04-25,94.12,50.06,108.85
2011-04-26,95.94,50.02,111.94
2011-04-27,96.47,49.54,112.61
2011-04-28,97.23,50.02,112.64
2011-04-29,97.21,49.47,115.41
2011-05-02,96.92,49.74,114.37
2011-05-03,96.83,49.94,113.27
2011-05-04,96.2,49.54,110.77
2011-05-05,94.92,49.52,109.39
2011-05-06,95.6,49.66,110.34
2011-05-09,95.99,49.92,111.66
2011-05-10,95.71,49.6,112.87
2011-05-11,95.52,49.51,109.98
2011-05-12,96.65,48.64,108.63
2011-05-13,96.01,47.61,106.33
2011-05-16,95.46,48.02,106.09
2011-05-17,93.86,48.55,102.08
2011-05-18,93.94,48.65,105.25
2011-05-19,94.71,47.89,105.3
2011-05-20,93.56,47.77,104.33
2011-05-23,92.49,47.46,101.89
2011-05-24,91.97,48.11,101.55
2011-05-25,92.69,47.86,103.25
2011-05-26,92.82,48.2,104.19
2011-05-27,93.47,49.69,104.6
2011-05-31,94.38,49.36,105.8
2011-06-01,91.44,49.44,101.24
2011-06-02,91.46,49.06,102.19
2011-06-03,90.7,48.29,101.1
2011-06-06,90.62,47.43,99.86
2011-06-07,90.85,47.46,99.88
2011-06-08,90.91,47.36,98.04
2011-06-09,91.96,46.56,99.26
2011-06-10,90.73,46.66,96.79
2011-06-13,91.3,47.49,95.44
2011-06-14,92.59,46.68,97.86
2011-06-15,91.03,46.45,95.65
2011-06-16,91.58,45.75,95.46
2011-06-17,91.78,45.05,95.95
2011-06-20,92.56,46.47,98.18
2011-06-21,93.43,46.09,101.39
2011-06-22,92.8,47.32,100.15
2011-06-23,92.34,46.62,100.55
2011-06-24,90.89,47.43,100.01
2011-06-27,92.25,47.89,100.8
2011-06-28,93.02,47.72,103.84
2011-06-29,93.11,47.95,103.36
2011-06-30,94.85,49.04,106.46
2011-07-01,96.67,49.92,108.62
2011-07-05,96.14,50.25,108.43
2011-07-06,97.24,51.03,110.08
2011-07-07,97.97,51.39,111.63
2011-07-08,97.62,50.57,110.41
2011-07-11,96.56,50.54,108.16
2011-07-12,95.88,51.15,106.93
2011-07-13,96.19,51.11,108.64
2011-07-14,94.98,52.13,107.58
2011-07-15,95.47,53.4,109.36
2011-07-18,94.6,53.84,107.8
2011-07-19,94.27,55.27,109.64
2011-07-20,94.25,55.33,110.31
2011-07-21,95.84,56.19,111.6
2011-07-22,95.38,56.93,105.15
2011-07-25,95.07,57.63,105.66
2011-07-26,89.93,56.08,105.2
2011-07-27,88.08,55.97,101.34
2011-07-28,87.57,55.78,99.64
2011-07-29,87.14,56.68,98.79
2011-08-01,86.77,55.46,100.72
2011-08-02,85.27,56.08,97.18
2011-08-03,86.18,53.91,96.28
2011-08-04,82.23,53.37,89.55
2011-08-05,82.75,50.46,90.99
2011-08-08,78.59,53.43,82.6
2011-08-09,82.69,51.96,87.48
2011-08-10,78.23,53.39,83.51
2011-08-11,81.22,53.86,87.25
2011-08-12,82.54,54.77,89.81
2011-08-15,83.31,54.35,91.37
2011-08-16,82.13,54.35,89.35
2011-08-17,80.93,52.29,87.64
2011-08-18,77.42,50.86,83.33
2011-08-19,76.87,50.92,79.97
2011-08-22,76.95,53.37,79.89
2011-08-23,79.67,53.74,82.98
2011-08-24,80.29,53.39,85.4
2011-08-25,78.19,54.8,83.25
2011-08-26,80.01,55.71,85.16
2011-08-29,82.1,55.71,88.15
2011-08-30,82.07,54.98,89.83
2011-08-31,82.98,54.43,91
2011-09-01,81.61,53.44,88.55
2011-09-02,79.35,54.25,85.38
2011-09-06,78.08,54.85,85.7
2011-09-07,80.57,54.88,88.69
2011-09-08,79.26,53.93,87.04
2011-09-09,76.65,54.28,83.96
2011-09-12,78.22,54.95,83.87
2011-09-13,77.81,55.61,85.02
2011-09-14,79.44,56.14,85.45
2011-09-15,80.63,57.21,86.6
2011-09-16,80.53,58.8,85.9
2011-09-19,79.21,59.06,84.6
2011-09-20,79.21,58.88,83.66
2011-09-21,76.34,57.4,79.36
2011-09-22,72.9,57.76,73.9
2011-09-23,73.99,57.6,73.86
2011-09-26,75.19,57.04,76.85
2011-09-27,76.28,56.72,77.67
2011-09-28,73.6,55.8,75.08
2011-09-29,74.53,54.47,75.39
2011-09-30,71.79,53.51,73.84
2011-10-03,70.93,53.21,70.55
2011-10-04,72.01,54.04,72.54
2011-10-05,72.53,53.91,74.26
2011-10-06,74.65,52.83,77.09
2011-10-07,73.82,55.54,75.52
2011-10-10,76.72,57.18,79.13
2011-10-11,76.42,57.46,80.66
2011-10-12,78.36,58.35,81.7
2011-10-13,77.8,60.29,81.44
2011-10-14,78.89,60,84.09
2011-10-17,75.88,60.32,81.52
2011-10-18,78.36,56.95,84.72
2011-10-19,77.7,56.47,83.56
2011-10-20,78.68,56.12,84.26
2011-10-21,80.48,57.97,87.39
2011-10-24,82.18,56.82,91.77
2011-10-25,77.04,57.23,89.89
2011-10-26,77.02,57.81,91.57
2011-10-27,81.41,57.85,96.27
2011-10-28,81,57.83,96.85
2011-10-31,79.02,56.64,94.46
2011-11-01,76.53,56.77,91.63
2011-11-02,78.06,57.58,93.94
2011-11-03,79.64,57.18,96
2011-11-04,79.3,57.1,95.74
2011-11-07,79.69,58.03,95
2011-11-08,81.83,56.47,95.89
2011-11-09,79,55.03,91.64
2011-11-10,80.32,54.95,92.2
2011-11-11,82.29,54.18,96.13
2011-11-14,81.87,55.55,96.53
2011-11-15,81.87,54.97,97.07
2011-11-16,81.87,53.92,95.75
2011-11-17,80.43,53.56,93.81
2011-11-18,80.54,52.72,93.93
2011-11-21,78.39,53.79,91.12
2011-11-22,77.83,52.43,89.99
2011-11-23,75.54,51.94,87.76
2011-11-25,76.13,53.73,86.72
2011-11-28,77.72,53.31,91.48
2011-11-29,77.24,54.6,90.54
2011-11-30,81.04,55.42,97.88
2011-12-01,80.3,55.67,96.82
2011-12-02,79.76,56.14,96.29
2011-12-05,80.93,55.85,96.85
2011-12-06,82.13,55.58,95.96
2011-12-07,82.39,55.81,94.89
2011-12-08,80.46,56.23,92.92
2011-12-09,82.2,55.98,95.97
2011-12-12,80.59,55.54,93.24
2011-12-13,79.41,54.31,90.98
2011-12-14,78.51,54.13,87
2011-12-15,78.86,54.43,87.7
2011-12-16,78.87,54.6,87.2
2011-12-19,77.82,56.56,87.25
2011-12-20,80.31,56.64,91.73
2011-12-21,80,56.94,91.63
2011-12-22,80.97,57.62,91.81
2011-12-23,82.2,58.08,92.25
2011-12-27,82.28,57.52,91.55
2011-12-28,81.15,57.87,89.37
2011-12-29,82.11,57.86,90.58
2011-12-30,81.73,58.75,90.6
2012-01-03,83.49,59.06,93.98
2012-01-04,84.18,59.72,94.85
2012-01-05,83.8,60.34,95.52
2012-01-06,83.37,60.25,95.76
2012-01-09,83.87,60.46,97.1
2012-01-10,84.3,60.36,99.96
2012-01-11,83.77,60.2,99.64
2012-01-12,84.28,59.97,101.94
2012-01-13,83.6,60.67,102.48
2012-01-17,84.23,61.3,103.37
2012-01-18,85.07,61.11,104.26
2012-01-19,85.8,60.04,105.75
2012-01-20,85.65,61.06,105.64
2012-01-23,85.61,60.06,106.37
2012-01-24,85.93,63.81,106.29
2012-01-25,86.48,63.52,109.05
2012-01-26,87.58,63.9,111.31
2012-01-27,87.46,64.72,111.28
2012-01-30,87.34,65.21,110.41
2012-01-31,86.71,65.17,109.12
2012-02-01,87.35,65.02,110.52
2012-02-02,87.43,65.67,110.33
2012-02-03,87.73,66.28,113.94
2012-02-06,87.56,66.98,113.78
2012-02-07,87.89,68.1,113.81
2012-02-08,87.97,70.45,114.04
2012-02-09,88.02,70.49,112.83
2012-02-10,87.14,71.8,111.75
2012-02-13,88.03,72.78,113.7
2012-02-14,87.99,71.1,114.45
2012-02-15,87.01,71.74,112.53
2012-02-16,87.65,71.73,113.96
2012-02-17,87.56,73.55,113.95
2012-02-21,87.6,73.29,115
2012-02-22,87.76,73.77,115.81
2012-02-23,87.9,74.63,116.2
2012-02-24,88.2,75.11,116
2012-02-27,88.07,76.49,115.63
2012-02-28,87.77,77.49,115.76
2012-02-29,87.6,77.78,114.21
2012-03-01,87.49,77.88,113.39
2012-03-02,87.52,76.17,112.49
2012-03-05,87.06,75.75,110.09
2012-03-06,84.95,75.81,105.93
2012-03-07,85.47,77.43,108.28
2012-03-08,86.71,77.88,110.28
2012-03-09,86.8,78.86,110.22
2012-03-12,87.54,81.16,108.94
2012-03-13,88.75,84.23,113.3
2012-03-14,88.87,83.65,112.27
2012-03-15,90,83.65,113.45
2012-03-16,89.56,85.87,113.58
2012-03-19,89.74,86.57,113.73
2012-03-20,89.35,86.07,110.76
2012-03-21,88.91,85.62,109
2012-03-22,88.57,85.15,106.43
2012-03-23,88.46,86.71,107.83
2012-03-26,89.12,87.78,108.75
2012-03-27,89.14,88.23,108.06
2012-03-28,88.45,87.12,104.26
2012-03-29,88.77,85.65,106.02
2012-03-30,89.21,88.38,106.52
2012-04-02,89.23,89.9,107.25
2012-04-03,88.79,89.19,106.21
2012-04-04,87.84,90.53,106.26
2012-04-05,87.27,90.89,105.87
2012-04-09,86.33,89.78,103.57
2012-04-10,84.58,89.46,100.43
2012-04-11,85.35,88.97,101.75
2012-04-12,86.86,86.46,106.44
2012-04-13,85.69,82.88,105.89
2012-04-16,86.4,87.1,106.74
2012-04-17,87.45,86.91,108.41
2012-04-18,87.13,83.92,109.21
2012-04-19,86.8,81.85,107.36
2012-04-20,87.48,81.67,107.73
2012-04-23,87.13,80.04,106.9
2012-04-24,88.49,87.14,108.4
2012-04-25,88.8,86.81,103.44
2012-04-26,89.32,86.14,104.39
2012-04-27,89.36,83.43,104.56
2012-04-30,89.36,83.16,102.77
2012-05-01,89.6,83.71,102.11
2012-05-02,89.52,83.12,102.63
2012-05-03,89.39,80.75,100.67
2012-05-04,88.67,81.35,98.44
2012-05-07,88.01,81.17,97.19
2012-05-08,87.56,81.31,96.49
2012-05-09,87.27,81.5,95.99
2012-05-10,87.13,80.96,95.44
2012-05-11,86.73,79.75,95.5
2012-05-14,85.83,79.02,93.6
2012-05-15,85.78,78.01,92.68
2012-05-16,85.35,75.73,91.86
2012-05-17,84.34,75.77,87.8
2012-05-18,83.51,80.18,88.68
2012-05-21,84.46,79.57,91.98
2012-05-22,84.13,81.51,91.49
2012-05-23,84.8,80.76,92.47
2012-05-24,84.98,80.33,91.42
2012-05-25,84.78,81.75,89.94
2012-05-29,85.73,82.74,92.52
2012-05-30,84.45,82.53,90.18
2012-05-31,84.41,80.14,87.62
2012-06-01,82.85,80.61,85.52
2012-06-04,82.62,80.4,83.26
2012-06-05,82.51,81.64,83.65
2012-06-06,84.63,81.67,86.66
2012-06-07,85.5,82.9,87.14
2012-06-08,86,81.6,87.6
2012-06-11,85.18,82.31,85.19
2012-06-12,86.73,81.74,87.05
2012-06-13,86.13,81.65,85.29
2012-06-14,86.86,82.02,85.89
2012-06-15,87.44,83.68,86.93
2012-06-18,87.31,83.92,86.74
2012-06-19,87.82,83.68,88.84
2012-06-20,87.54,82.52,87.17
2012-06-21,86.73,83.16,84.98
2012-06-22,86.83,81.54,84.96
2012-06-25,85.85,81.72,82.89
2012-06-26,86.18,82.07,82.73
2012-06-27,87.16,81.29,82.25
2012-06-28,87.16,83.43,82.63
2012-06-29,89.6,84.65,84.91
2012-07-02,89.28,85.63,83.68
2012-07-03,89.7,87.13,86.46
2012-07-05,89.57,86.55,86.79
2012-07-06,88.99,87.7,84.61
2012-07-09,88.96,86.89,83.14
2012-07-10,88.25,86.35,80.27
2012-07-11,87.85,85.56,79.74
2012-07-12,86.41,86.42,79.64
2012-07-13,87.59,86.7,82.07
2012-07-16,88.1,86.71,81.15
2012-07-17,88.98,86.61,81.91
2012-07-18,90.87,87.76,82.52
2012-07-19,90.83,86.33,82.63
2012-07-20,89.99,86.26,80.95
2012-07-23,89.36,85.85,81.58
2012-07-24,88.24,82.14,81.43
2012-07-25,88.75,82.13,82.6
2012-07-26,90.59,83.59,83.3
2012-07-27,91.71,85,86.16
2012-07-30,91.28,87.25,85.69
2012-07-31,91.23,86.69,84.21
2012-08-01,91.2,86.83,82.65
2012-08-02,90.08,87.96,83.12
2012-08-03,91.7,88.94,85.02
2012-08-06,91.41,88.7,86.35
2012-08-07,91.7,88.55,87.22
2012-08-08,91.63,88.68,87.22
2012-08-09,91.59,88.81,88.4
2012-08-10,92.29,90,88.94
2012-08-13,92.4,90.24,88.61
2012-08-14,92.3,90.12,87.87
2012-08-15,92.54,90.91,87.61
2012-08-16,93.74,92.59,88.59
2012-08-17,94.24,95.02,90.01
2012-08-20,93.89,93.72,90.44
2012-08-21,93.21,95.55,90.29
2012-08-22,92.68,94.66,88.72
2012-08-23,91.98,94.75,87.63
2012-08-24,92.83,96.53,87.47
2012-08-27,92.59,96.4,86.63
2012-08-28,92.3,96.21,86.01
2012-08-29,92.43,94.84,86.09
2012-08-30,91.76,95.03,84.47
2012-08-31,92.6,96.42,85.33
2012-09-04,91.68,95.75,82.66
2012-09-05,91.75,96.61,82.75
2012-09-06,93.28,97.21,84.79
2012-09-07,92.82,94.68,88.1
2012-09-10,90.67,94.37,87.1
2012-09-11,91.17,95.68,88.6
2012-09-12,90.81,97.57,89.12
2012-09-13,92.06,98.75,90.68
2012-09-14,93.98,99.97,93.17
2012-09-17,93.78,100.27,91.99
2012-09-18,93.43,100.3,93.07
2012-09-19,93.63,99.81,93.94
2012-09-20,93.58,100.01,92.54
2012-09-21,93.21,98.68,91.72
2012-09-24,93.73,96.22,90.87
2012-09-25,92.83,95.03,87.01
2012-09-26,92.59,97.33,86.95
2012-09-27,92.82,95.3,86.92
2012-09-28,92.42,94.2,86.04
2012-10-01,93.29,94.47,85.47
2012-10-02,93.54,95.92,85.47
2012-10-03,93.78,95.26,85.28
2012-10-04,94.43,93.23,85.96
2012-10-05,94.96,91.17,85.43
2012-10-08,95.37,90.84,85.44
2012-10-09,93.94,91.56,84.75
2012-10-10,93.28,89.7,83.16
2012-10-11,92.83,89.96,82.85
2012-10-12,92.75,90.68,82.82
2012-10-15,92.79,92.83,82.81
2012-10-16,94.23,92.09,84.96
2012-10-17,94.81,90.38,86.63
2012-10-18,94.74,87.12,86.62
2012-10-19,92.94,90.58,83.86
2012-10-22,92.53,87.62,85.08
2012-10-23,88.73,88.12,83.58
2012-10-24,88.39,87.08,82.73
2012-10-25,87.81,86.29,83.53
2012-10-26,88.03,85.05,84.25
2012-10-31,87.6,85.22,84.81
2012-11-01,89.25,82.4,87.65
2012-11-02,88.97,83.52,85.79
2012-11-05,89.6,83.26,86.77
2012-11-06,90.86,79.71,88.08
2012-11-07,89.38,76.82,85.02
2012-11-08,88.55,78.15,83.66
2012-11-09,88.81,77.55,84.95
2012-11-12,89.18,77.56,85.18
2012-11-13,89.08,76.7,83.26
2012-11-14,87.31,75.09,81.1
2012-11-15,88.02,75.38,81.3
2012-11-16,88.5,80.82,81.93
2012-11-19,89.57,80.13,83.62
2012-11-20,89.02,80.24,83.33
2012-11-21,88.94,81.64,83.05
2012-11-23,90.28,84.22,84.16
2012-11-26,90.09,83.54,84.65
2012-11-27,90.31,83.28,84.01
2012-11-28,90.93,84.19,84.94
2012-11-29,90.65,83.61,86.25
2012-11-30,90.95,83.74,85.24
2012-12-03,90.3,82.26,84.49
2012-12-04,90.12,76.97,84.16
2012-12-05,90.76,78.18,86.05
2012-12-06,90.95,76.18,85.95
2012-12-07,91.51,75.69,86.99
2012-12-10,91.87,77.34,87.23
2012-12-11,93.68,77,87.33
2012-12-12,93.12,75.67,87.95
2012-12-13,92.5,72.83,88.36
2012-12-14,92.28,74.12,89
2012-12-17,93.03,76.27,89.64
2012-12-18,93.85,75.19,90.77
2012-12-19,93.02,74.53,90.79
2012-12-20,94.13,74.19,89.5
2012-12-21,93.1,74.31,87.9
2012-12-24,93.19,73.29,87.48
2012-12-26,93.07,73.58,87.67
2012-12-27,92.64,72.8,87.66
2012-12-28,91.78,76.02,86.81
2012-12-31,92.85,78.43,89.61
2013-01-02,94.78,77.44,93.5
2013-01-03,94.67,75.29,94.4
2013-01-04,95.37,74.8,94.92
2013-01-07,95.49,75.04,95.21
2013-01-08,95.5,73.87,94
2013-01-09,96.41,74.79,94.44
2013-01-10,96.89,74.33,95.08
2013-01-11,96.28,71.68,95.19
2013-01-14,97.08,69.42,94.63
2013-01-15,97.29,72.3,95.67
2013-01-16,97.6,71.81,95.19
2013-01-17,98.08,71.43,95.7
2013-01-18,98.74,72.11,97.62
2013-01-22,99.33,73.43,97.72
2013-01-23,99.49,64.36,96.85
2013-01-24,99.67,62.84,96.6
2013-01-25,100.59,64.26,95.58
2013-01-28,100.65,65.47,97.45
2013-01-29,101.81,65.26,98.6
2013-01-30,100.8,65.07,98.65
2013-01-31,100.55,64.8,98.39
2013-02-01,101.56,63.19,99.49
2013-02-04,100.77,65.41,98.26
2013-02-05,101.49,65.34,98.44
2013-02-06,102.69,66.89,97.7
2013-02-07,102.22,67.85,96.11
2013-02-08,102.66,68.56,96.85
2013-02-11,102.62,66.84,96.6
2013-02-12,103.46,66.72,97.22
2013-02-13,102.86,66.66,96.38
2013-02-14,102.78,65.74,96.07
2013-02-15,103.23,65.71,95.61
2013-02-19,104.18,64.12,95.6
2013-02-20,103.15,63.72,93.22
2013-02-21,102.72,64.4,91.53
2013-02-22,103.54,63.26,91.54
2013-02-25,101.75,64.14,89.16
2013-02-26,102.31,63.51,89.95
2013-02-27,103.57,63.06,92.25
2013-02-28,104,61.5,92.37
2013-03-01,103.77,60.01,91.36
2013-03-04,103.28,61.59,89.75
2013-03-05,104.45,60.81,90.21
2013-03-06,104.66,61.51,89.64
2013-03-07,104.54,61.67,89.65
2013-03-08,105.71,62.55,90.51
2013-03-11,105.81,61.2,91.18
2013-03-12,105.13,61.19,89.74
2013-03-13,105.09,61.79,89.28
2013-03-14,106.02,63.38,88.7
2013-03-15,106.4,65.1,88.83
2013-03-18,105.41,64.93,89.36
2013-03-19,105.18,64.58,88.27
2013-03-20,105.66,64.68,86.94
2013-03-21,104.94,65.99,86.83
2013-03-22,106.42,66.23,87.48
2013-03-25,105.17,65.88,86.64
2013-03-26,106.07,64.58,87
2013-03-27,105.29,63.24,86.9
2013-03-28,106.31,61.27,86.97
2013-04-01,105.65,61.4,85.64
2013-04-02,106.52,61.71,84.88
2013-04-03,105.68,61.1,84.12
2013-04-04,105.82,60.46,84.63
2013-04-05,105.78,60.89,84.6
2013-04-08,105.75,61,84.19
2013-04-09,105.95,62.24,85.9
2013-04-10,107.69,62.05,86.57
2013-04-11,108.25,61.4,85.7
2013-04-12,107.68,59.98,85.05
2013-04-15,105.76,60.89,82.27
2013-04-16,106.15,57.54,82.61
2013-04-17,105.48,56.01,81.47
2013-04-18,104.98,55.79,80.46
2013-04-19,105.71,56.95,80.43
2013-04-22,105.8,58.02,82.71
2013-04-23,107.39,57.92,84.1
2013-04-24,107.87,58.34,83.78
2013-04-25,104.88,59.6,84.51
2013-04-26,103.79,61.45,84.68
2013-04-29,103.83,63.25,84.8
2013-04-30,104.71,62.76,84.67
2013-05-01,104.55,63.65,83.08
2013-05-02,106.04,64.28,84.26
2013-05-03,107.83,65.82,86.98
2013-05-06,107.84,65.52,87.59
2013-05-07,108.01,66.26,89.79
2013-05-08,108.2,65.25,90.31
2013-05-09,109.92,64.71,89.95
2013-05-10,110.48,64.96,88.62
2013-05-13,110.5,63.41,88.07
2013-05-14,110.59,61.26,87.55
2013-05-15,111.5,62.08,87
2013-05-16,111.07,61.89,86.78
2013-05-17,111.39,63.28,87.67
2013-05-20,111.72,62.81,88.33
2013-05-21,112.01,63.05,88.1
2013-05-22,110.79,63.16,87.7
2013-05-23,110.41,63.59,86.95
2013-05-24,110.27,63.06,86.21
2013-05-28,111.59,63.56,86.19
2013-05-29,111.13,64.51,86.49
2013-05-30,111.42,64.25,86.41
2013-05-31,110.27,64.39,85.8
2013-06-03,110.61,64.19,86.13
2013-06-04,110.02,63.59,85.92
2013-06-05,108.59,62.64,84.42
2013-06-06,108.67,63.12,84
2013-06-07,111.11,62.7,84.65
2013-06-10,110.81,62.51,83.8
2013-06-11,110.22,61.74,83.52
2013-06-12,109.03,62.28,83.21
2013-06-13,111.2,61.44,85.14
2013-06-14,111.03,61.71,83.87
2013-06-17,111.91,61.68,83.92
2013-06-18,112.97,60.43,84.55
2013-06-19,111.57,59.55,84.25
2013-06-20,108.78,59.07,83.2
2013-06-21,109.59,57.51,83.12
2013-06-24,107.5,57.52,81.52
2013-06-25,108.24,56.87,82.33
2013-06-26,109.68,56.25,82.1
2013-06-27,110.24,56.65,82.96
2013-06-28,109.35,58.46,82.49
2013-07-01,109.31,59.78,82.72
2013-07-02,108.73,60.11,82.48
2013-07-03,109.45,59.63,81.85
2013-07-05,111.54,59.29,82.14
2013-07-08,112.13,60.34,83.2
2013-07-09,113.35,60.1,85.33
2013-07-10,113.43,61.04,84.96
2013-07-11,114.53,60.93,86.7
2013-07-12,115.14,61.06,87.17
2013-07-15,114.85,61.46,87.4
2013-07-16,114.34,61.47,88.17
2013-07-17,114.64,61.68,86.67
2013-07-18,115.48,60.71,85.72
2013-07-19,116.19,60.9,85.65
2013-07-22,116.28,59.86,86
2013-07-23,116.75,62.93,85.52
2013-07-24,116.33,62.64,83.44
2013-07-25,116.55,63,82.14
2013-07-26,116.91,63.97,82.06
2013-07-29,116.61,64.76,83.02
2013-07-30,116.84,64.65,83.19
2013-07-31,117.43,65.24,82.91
2013-08-01,118.41,66.08,84.44
2013-08-02,118.26,67.06,84.3
2013-08-05,117.92,66.46,83.56
2013-08-06,117.5,66.43,82.53
2013-08-07,117.83,65.86,82.43
2013-08-08,118.68,64.92,83.96
2013-08-09,118.31,66.77,84.51
2013-08-12,118.38,69.94,86.32
2013-08-13,118.67,71.21,86.57
2013-08-14,117.62,71.13,85.82
2013-08-15,115.85,71.76,85.86
2013-08-16,115.9,72.53,85.16
2013-08-19,115.61,71.58,84.2
2013-08-20,115.42,71.77,83.86
2013-08-21,113.42,71.85,82.94
2013-08-22,114.67,71.57,84.17
2013-08-23,114.4,71.85,83.89
2013-08-26,114.33,69.8,83.56
2013-08-27,112.73,70.13,82.7
2013-08-28,113,70.24,82.45
2013-08-29,113.32,69.6,82.53
2013-08-30,113.58,69.8,82.54
2013-09-03,113.22,71.24,82.51
2013-09-04,114.55,70.75,83.54
2013-09-05,114.87,71.17,82.95
2013-09-06,115.04,72.31,83.39
2013-09-09,116.74,70.66,85.59
2013-09-10,117.59,66.82,86.61
2013-09-11,118.71,67.53,87.13
2013-09-12,118.2,66.41,86.84
2013-09-13,118.6,64.3,87.01
2013-09-16,119.23,65.05,87.18
2013-09-17,119.93,66.38,87.07
2013-09-18,121.29,67.47,87.84
2013-09-19,121.57,66.77,87.75
2013-09-20,120.01,70.09,84.75
2013-09-23,121.11,69.87,85.03
2013-09-24,120.8,68.79,85.11
2013-09-25,120.2,69.46,84.5
2013-09-26,120.66,68.96,84.2
2013-09-27,120.22,68.11,83.8
2013-09-30,119.41,69.71,83.4
2013-10-01,119.62,69.94,83.76
2013-10-02,119.2,69.06,84.07
2013-10-03,118.55,69,83.97
2013-10-04,119.4,69.68,84.2
2013-10-07,118.69,68.71,83.53
2013-10-08,117.16,69.51,82.85
2013-10-09,117.57,69.95,83.52
2013-10-10,119.34,70.4,84.73
2013-10-11,120.72,70.86,85.61
2013-10-14,121.4,71.24,86.24
2013-10-15,119.82,71.59,85.75
2013-10-16,120.94,72.07,86.27
2013-10-17,122.62,72.7,85.85
2013-10-18,122.84,74.48,87.34
2013-10-21,123.25,74.27,87.7
2013-10-22,123.8,74.99,89.17
2013-10-23,123.2,75.99,83.76
2013-10-24,123.49,75.14,84.53
2013-10-25,124.42,75.7,84.77
2013-10-28,124.92,73.81,84.28
2013-10-29,125.28,74.98,84.07
2013-10-30,124.79,74.67,83.49
2013-10-31,125.85,74.29,83.36
2013-11-01,125.9,75.25,83.59
2013-11-04,126.32,75.06,83.89
2013-11-05,126.12,74.42,84.05
2013-11-06,127.13,73.21,84.22
2013-11-07,126.41,74.37,83.65
2013-11-08,127.99,74.15,84.24
2013-11-11,127.95,74.29,84.15
2013-11-12,128.36,74.38,83.85
2013-11-13,128.59,75.45,84.2
2013-11-14,129.79,75,83.76
2013-11-15,129.85,74.09,83.74
2013-11-18,130.13,74.22,84.04
2013-11-19,130.05,73.57,83.67
2013-11-20,129.18,74.45,82.68
2013-11-21,130.35,74.26,82.12
2013-11-22,131.02,74.82,82.88
2013-11-25,131.23,76.2,84.4
2013-11-26,132.15,77.99,84.36
2013-11-27,133.5,79.44,84.67
2013-11-29,133.51,78.75,84.6
2013-12-02,127.68,80.9,84.25
2013-12-03,126.6,80.71,83.87
2013-12-04,126.46,81.13,83.97
2013-12-05,126.83,80,84.41
2013-12-06,128.61,80.92,85.5
2013-12-09,128.57,80.79,86.09
2013-12-10,127.55,80.19,86.42
2013-12-11,126.77,80.08,85.28
2013-12-12,126.58,79.2,85.57
2013-12-13,126.43,79.64,86.05
2013-12-16,127.66,79.28,87.38
2013-12-17,131.39,78.68,86.92
2013-12-18,135.8,77.78,88.17
2013-12-19,136.41,78.43,87.54
2013-12-20,136.72,81.44,88.93
2013-12-23,136.8,81.1,89.96
2013-12-24,136.99,80.56,90.91
2013-12-26,138.29,80.01,91.15
2013-12-27,139.35,79.22,90.87
2013-12-30,139.42,80.15,90.87
2013-12-31,140.25,79.02,90.81
2014-01-02,138.13,77.28,89.87
2014-01-03,138.45,77.7,89.82
2014-01-06,137.63,77.15,88.64
2014-01-07,137.65,77.64,88.93
2014-01-08,136.63,76.65,89.14
2014-01-09,136.45,76.13,89.71
2014-01-10,136.18,76.53,90.51
2014-01-13,134.68,78.06,89.89
2014-01-14,137.41,79.62,90.56
2014-01-15,138.44,79.18,92.41
2014-01-16,138.16,77.24,92.01
2014-01-17,137.31,78.44,91.44
2014-01-21,136.99,78.79,90.6
2014-01-22,136.48,79.45,89.64
2014-01-23,134.71,78.01,88.48
2014-01-24,130.22,78.64,86.17
2014-01-27,128.96,72.36,91.29
2014-01-28,129.81,71.54,92.47
2014-01-29,130.25,71.4,90.62
2014-01-30,128.05,71.51,93.2
2014-01-31,128.19,71.65,93.91
2014-02-03,123.9,72.68,92.42
2014-02-04,126.72,73.23,92.5
2014-02-05,127.36,73.22,91.96
2014-02-06,128.9,74.24,93.83
2014-02-07,130.33,75.57,94.87
2014-02-10,129.7,76.57,94.5
2014-02-11,130.98,76.56,94.96
2014-02-12,130.44,77.78,96.17
2014-02-13,130.14,77.71,96.11
2014-02-14,132.12,78,96.55
2014-02-18,131.8,76.77,96.56
2014-02-19,130.56,75.88,96.21
2014-02-20,131.56,75.04,96.92
2014-02-21,131.57,75.36,97.5
2014-02-24,132.2,74.58,97.32
2014-02-25,132.93,73.91,96.41
2014-02-26,132.86,75.38,97.2
2014-02-27,134.34,75.18,96.7
2014-02-28,134.73,75.39,96.97
2014-03-03,132.21,75.89,96.31
2014-03-04,132.68,76.05,97.02
2014-03-05,133.85,75.82,96.37
2014-03-06,134.08,75.78,97.6
2014-03-07,134.11,75.85,97.05
2014-03-10,133.56,76.58,96.75
2014-03-11,132.51,76.66,96.84
2014-03-12,132.57,75.81,96.82
2014-03-13,130.81,74.96,95.61
2014-03-14,129.83,75.25,95.39
2014-03-17,132.27,75.91,95.67
2014-03-18,132.74,75.89,96.41
2014-03-19,131.23,75.53,96.04
2014-03-20,132.43,76.12,96.21
2014-03-21,133.12,77.03,97.39
2014-03-24,132.42,77.86,96.85
2014-03-25,134.06,77.11,98.59
2014-03-26,133.09,76.78,97.8
2014-03-27,132.84,76.69,98.45
2014-03-28,134.2,76.68,99.39
2014-03-31,135.66,77.38,99.37
2014-04-01,136.53,77.51,99.81
2014-04-02,136,76.97,102.63
2014-04-03,136.14,75.97,102.55
2014-04-04,135.86,74.78,102.17
2014-04-07,134.4,74.78,101.11
2014-04-08,134.84,75.76,102.39
2014-04-09,135.84,74.78,102.99
2014-04-10,133.97,74.23,102.26
2014-04-11,132.39,74.53,101.45
2014-04-14,133.15,73.99,102.78
2014-04-15,134.09,74.14,102.5
2014-04-16,136.77,74.99,102.93
2014-04-17,137.73,75.88,102.83
2014-04-21,138.62,75.96,102.64
2014-04-22,138.89,74.96,103.69
2014-04-23,137.99,81.11,103.38
2014-04-24,136.65,81.71,105.28
2014-04-25,136.56,84.87,104.69
2014-04-28,137.23,84.62,104.26
2014-04-29,137.55,84.3,105.3
2014-04-30,139.09,84.5,105.4
2014-05-01,140.81,84.65,105.07
2014-05-02,140.12,85.85,105.01
2014-05-05,140.61,84.92,104.52
2014-05-06,139.29,84.62,103.87
2014-05-07,141.14,84,104.62
2014-05-08,140.83,83.65,104.94
2014-05-09,141.34,84.69,105.06
2014-05-12,142.82,84.82,106.2
2014-05-13,142.43,84.84,107.15
2014-05-14,141.6,84.12,106.53
2014-05-15,140.98,85.36,104.99
2014-05-16,141.13,86.37,106.03
2014-05-19,141.67,86.39,105.39
2014-05-20,140.23,86.62,101.56
2014-05-21,140.66,86.75,102.88
2014-05-22,140.31,87.73,103.08
2014-05-23,141.14,89.38,104.03
2014-05-27,141.44,89.14,103.68
2014-05-28,141.43,90.77,102.91
2014-05-29,142.39,90.43,103.6
2014-05-30,142.55,89.81,102.23
2014-06-02,142.32,91.08,103.76
2014-06-03,142.89,92.12,104.49
2014-06-04,142.26,92.48,104.31
2014-06-05,143.71,92.22,106.96
2014-06-06,144.64,93.7,108.18
2014-06-09,145.32,94.25,108.75
2014-06-10,144.97,93.86,109.31
2014-06-11,144.41,92.29,108.69
2014-06-12,143.07,91.28,106.65
2014-06-13,143.36,92.2,106.77
2014-06-16,143.32,92.08,106.81
2014-06-17,143.69,92.18,106.67
2014-06-18,144.33,91.86,107.48
2014-06-19,144.49,90.91,107.25
2014-06-20,145.16,90.83,109.38
2014-06-23,144.09,90.28,108.78
2014-06-24,143.09,90.36,107.81
2014-06-25,143.65,90.9,108.44
2014-06-26,143.73,91.98,108.52
2014-06-27,143.69,92.93,108.78
2014-06-30,143.24,93.52,108.67
2014-07-01,144.56,93.48,109.17
2014-07-02,145.23,94.03,109.56
2014-07-03,145.41,95.97,111.08
2014-07-07,144.91,95.35,110.16
2014-07-08,144.56,95.39,109.46
2014-07-09,144.68,95.04,110.14
2014-07-10,143.89,95.22,109.36
2014-07-11,144.31,96.45,109.96
2014-07-14,145,95.32,110.09
2014-07-15,145.06,94.78,109.85
2014-07-16,146.17,93.09,111.4
2014-07-17,143.54,94.43,109.07
2014-07-18,144.83,93.94,110.17
2014-07-21,144.3,94.72,110.23
2014-07-22,145.12,97.19,110.06
2014-07-23,144.68,97.03,108.38
2014-07-24,145.13,97.67,105.04
2014-07-25,145.12,99.02,104.85
2014-07-28,145.53,98.38,104.15
2014-07-29,144.02,98.15,104.69
2014-07-30,143.74,95.6,103.38
2014-07-31,140.89,96.13,100.75
2014-08-01,140.11,95.59,100.52
2014-08-04,140.75,95.12,101.81
2014-08-05,139.78,94.96,101.5
2014-08-06,139.55,94.48,101.49
2014-08-07,139.13,94.74,101.94
2014-08-08,140.85,95.99,103.28
2014-08-11,140.58,95.97,104.5
2014-08-12,140.88,97.24,104.33
2014-08-13,141.8,97.5,105.16
2014-08-14,142.34,97.98,105.66
2014-08-15,141.92,99.16,105.74
2014-08-18,144.12,100.53,106.98
2014-08-19,144.25,100.57,107.3
2014-08-20,144.6,100.58,107.7
2014-08-21,144.5,101.32,107.97
2014-08-22,144.13,101.54,107.31
2014-08-25,144.7,100.89,107.97
2014-08-26,144.6,102.13,108.06
2014-08-27,143.94,102.25,108.55
2014-08-28,143.98,102.5,108.65
2014-08-29,144,103.3,109.07
2014-09-02,144.22,98.94,108.92
2014-09-03,143.82,98.12,108.46
2014-09-04,143.61,98.97,108.82
2014-09-05,144.2,98.36,108.54
2014-09-08,144.89,97.99,107.91
2014-09-09,144.46,101,107.4
2014-09-10,144.64,101.43,105.93
2014-09-11,144.35,101.66,105.59
2014-09-12,143.94,101.63,105.02
2014-09-15,144.48,100.86,104.86
2014-09-16,144.85,101.58,104.86
2014-09-17,145.37,101.79,103.99
2014-09-18,146.84,100.96,104.34
2014-09-19,146.69,101.06,102.51
2014-09-22,145.71,102.64,100.9
2014-09-23,144.37,101.75,99.99
2014-09-24,144.88,97.87,101.2
2014-09-25,142.48,100.75,99.51
2014-09-26,142.42,100.11,100.38
2014-09-29,142.19,100.75,99.83
2014-09-30,141.68,99.18,99.03
2014-10-01,139.18,99.9,97.61
2014-10-02,138.67,99.62,97.41
2014-10-03,140.17,99.62,97.39
2014-10-06,140.34,98.75,98
2014-10-07,137.68,100.8,94.7
2014-10-08,141.41,101.02,96.65
2014-10-09,138.64,100.73,93.5
2014-10-10,133.83,99.81,93.13
2014-10-13,132.9,98.75,91.68
2014-10-14,134.18,97.54,92.8
2014-10-15,134.22,96.26,92.59
2014-10-16,135.05,97.67,93.24
2014-10-17,137.4,99.76,95.05
2014-10-20,137.6,102.47,94.03
2014-10-21,140.93,102.99,95.89
2014-10-22,138.95,104.83,94.57
2014-10-23,145.05,105.22,99.27
2014-10-24,148.59,105.11,99.44
2014-10-27,149.56,106.74,98.54
2014-10-28,151.06,107.34,101.16
2014-10-29,151.01,106.98,100.19
2014-10-30,152.1,108,100.16
2014-10-31,153.77,109.4,101.41
2014-11-03,153.3,108.6,100.22
2014-11-04,155.05,108.86,98.61
2014-11-05,155.69,108.7,99.41
2014-11-06,156.05,109.01,100.91
2014-11-07,156.55,108.83,101.76
2014-11-10,157.66,109.7,102.21
2014-11-11,157.11,111.25,102.53
2014-11-12,157.68,112.82,102.99
2014-11-13,158.35,114.18,101.11
2014-11-14,158.85,113.99,101.34
2014-11-17,158.69,115.47,101.7
2014-11-18,160.15,114.67,102.04
2014-11-19,158.83,116.31,101.3
2014-11-20,159.36,116.47,102.09
2014-11-21,160.16,118.62,106.45
2014-11-24,159.88,117.6,105.96
2014-11-25,158.06,119,106.24
2014-11-26,158.31,118.93,105.79
2014-11-28,160.09,115.07,100.6
2014-12-01,158.16,114.63,99
2014-12-02,160.6,115.93,99.51
2014-12-03,162.26,115.49,100.18
2014-12-04,162.26,115,99.67
2014-12-05,162.27,112.4,98.78
2014-12-08,160.93,114.12,95.25
2014-12-09,160.83,111.95,95.45
2014-12-10,158.24,111.62,93.02
2014-12-11,159.15,109.73,92.69
2014-12-12,157.12,108.22,90.5
2014-12-15,156.85,106.74,89.75
2014-12-16,159.05,109.41,89.34
2014-12-17,160.6,112.65,89.75
2014-12-18,165.3,111.78,91.69
2014-12-19,165.48,112.94,91.71
2014-12-22,167.27,112.54,92.32
2014-12-23,166.87,112.01,93.5
2014-12-24,166.96,113.99,93.72
2014-12-26,166.26,113.91,94.23
2014-12-29,166.71,112.52,93.71
2014-12-30,165.84,110.38,92.59
2014-12-31,164.32,109.33,91.53
2015-01-02,164.06,106.25,91.88
2015-01-05,160.36,106.26,87.03
2015-01-06,158.65,107.75,86.47
2015-01-07,159.8,111.89,87.81
2015-01-08,163.63,112.01,88.71
2015-01-09,161.62,109.25,87.65
2015-01-12,160.74,110.22,86.89
2015-01-13,160.62,109.8,86.37
2015-01-14,159.84,106.82,86.07
2015-01-15,159.66,105.99,84.32
2015-01-16,162,108.72,83.86
2015-01-20,161.94,109.55,83.97
2015-01-21,162.54,112.4,85.37
2015-01-22,165.89,112.98,86.82
2015-01-23,164.02,113.1,85.61
2015-01-26,164.24,109.14,86.03
2015-01-27,163.63,115.31,79.85
2015-01-28,163.94,118.9,80.01
2015-01-29,166.13,117.16,80
2015-01-30,162.3,118.63,79.97
2015-02-02,164.42,118.65,80.84
2015-02-03,165.94,119.56,83.92
2015-02-04,164.81,119.94,81.95
2015-02-05,166.55,118.93,83.57
2015-02-06,166.07,119.72,83.21
2015-02-09,164.84,122.02,84.67
2015-02-10,165.82,124.88,83.9
2015-02-11,164.48,126.46,83.41
2015-02-12,165.91,127.08,83.53
2015-02-13,165.94,127.83,85.13
2015-02-17,166.92,128.72,85.38
2015-02-18,167.4,128.45,84.8
2015-02-19,167.09,129.5,83.3
2015-02-20,168.12,133,84.44
2015-02-23,168.81,132.17,83.49
2015-02-24,169.12,128.79,84.5
2015-02-25,168.89,130.42,85.15
2015-02-26,169.61,128.46,83.8
2015-02-27,168.65,129.09,82.9
2015-03-02,170.5,129.36,83
2015-03-03,168.27,128.54,82.84
2015-03-04,167.16,126.41,81.73
2015-03-05,167.57,126.6,81.51
2015-03-06,164.36,127.14,80.06
2015-03-09,166.37,124.51,80.81
2015-03-10,162.26,122.24,79.91
2015-03-11,161.73,124.45,79.7
2015-03-12,164.47,123.59,80.19
2015-03-13,162.74,124.95,79.23
2015-03-16,166.21,127.04,79.97
2015-03-17,164.23,128.47,78.45
2015-03-18,166.47,127.5,81.33
2015-03-19,165.66,125.9,80.09
2015-03-20,166.49,127.21,81.19
2015-03-23,166.13,126.69,81.09
2015-03-24,166.32,123.38,80.48
2015-03-25,162.7,124.24,79.86
2015-03-26,162.59,123.25,79.88
2015-03-27,163.5,126.37,79.67
2015-03-30,166.05,124.43,81.37
2015-03-31,164.95,124.25,80.03
2015-04-01,162.52,125.32,79.64
2015-04-02,162.8,127.35,80.24
2015-04-06,165.48,126.01,81.49
2015-04-07,166.21,125.6,80.54
2015-04-08,166.27,126.56,80.44
2015-04-09,166.79,127.1,80.68
2015-04-10,167.07,126.85,82.6
2015-04-13,165.84,126.3,82.14
2015-04-14,165.99,126.78,83
2015-04-15,166.44,126.17,85.16
2015-04-16,165.89,124.75,84.34
2015-04-17,161.71,127.6,83.28
2015-04-20,164.51,126.91,84.6
2015-04-21,164,128.62,83.92
2015-04-22,164.67,129.67,84.87
2015-04-23,159.66,130.28,84.79
2015-04-24,158.99,132.65,84.6
2015-04-27,157.98,130.56,85.33
2015-04-28,158.33,128.64,86.2
2015-04-29,156.97,125.15,87.5
2015-04-30,156.39,128.95,86.88
2015-05-01,157.68,128.7,87.37
2015-05-04,159.02,125.8,87.3
2015-05-05,157.91,125.01,87
2015-05-06,157.64,125.26,86.99
2015-05-07,158.61,127.62,86.43
2015-05-08,160.6,126.32,87.31
2015-05-11,159.9,125.86,88.77
2015-05-12,160.07,126.01,88.16
2015-05-13,161.31,128.95,88.44
2015-05-14,163.15,128.77,88.74
2015-05-15,163.3,130.19,88.43
2015-05-18,162.87,130.07,88.29
2015-05-19,163.12,130.06,87.24
2015-05-20,161.9,131.39,87.93
2015-05-21,162.06,132.54,89.33
2015-05-22,160.98,129.62,88.63
2015-05-26,159.59,132.04,87.84
2015-05-27,161.02,131.78,87.92
2015-05-28,160.87,130.28,86.01
2015-05-29,159.08,130.54,85.32
2015-06-01,158.98,129.96,85.53
2015-06-02,159.08,130.12,86.17
2015-06-03,160.16,129.36,86.23
2015-06-04,158.35,128.65,85.47
2015-06-05,157.08,127.8,86.05
2015-06-08,156.59,127.42,86.15
2015-06-09,156.98,128.88,86.73
2015-06-10,159.04,128.59,88.48
2015-06-11,159.86,127.17,88.17
2015-06-12,158.04,126.92,87.85
2015-06-15,155.87,127.6,87.13
2015-06-16,156.49,127.3,86.59
2015-06-17,156.95,127.88,87.25
2015-06-18,159.62,126.6,87.44
2015-06-19,158.95,127.61,87.52
2015-06-22,159.68,127.03,88.27
2015-06-23,159.84,128.11,88.45
2015-06-24,157.54,127.5,88.17
2015-06-25,155.92,126.75,86.72
2015-06-26,157.09,124.53,86.82
2015-06-29,153.95,125.42,85.3
2015-06-30,154.3,126.6,84.82
2015-07-01,155.65,126.44,83.95
2015-07-02,155.38,126,84.38
2015-07-06,155.08,125.69,83.15
2015-07-07,155.43,122.57,83.99
2015-07-08,152.71,120.07,82.27
2015-07-09,153.75,123.28,81.69
2015-07-10,154.95,125.66,82.15
2015-07-13,156.47,125.61,83.64
2015-07-14,156.78,126.82,84.46
2015-07-15,156,128.51,84.16
2015-07-16,157.17,129.62,83.76
2015-07-17,156.69,132.07,83.16
2015-07-20,157.12,130.75,82.25
2015-07-21,155.76,125.22,82.22
2015-07-22,155.41,125.16,79.76
2015-07-23,149.5,124.5,76.88
2015-07-24,149.33,122.77,76.1
2015-07-27,148.71,123.38,75.32
2015-07-28,151.11,122.99,77.78
2015-07-29,151.45,122.37,77.33
2015-07-30,151.57,121.3,78.35
2015-07-31,151.34,118.44,78.63
2015-08-03,150.12,114.64,77.26
2015-08-04,150.4,115.4,76.6
2015-08-05,151.01,115.13,76.88
2015-08-06,149.26,115.52,77.46
2015-08-07,148.89,119.72,77.29
2015-08-10,151.24,113.49,80.16
2015-08-11,148.48,115.24,78.04
2015-08-12,148.52,115.15,78.92
2015-08-13,147.4,115.96,77.76
2015-08-14,148.28,117.16,78.49
2015-08-17,149.24,116.5,78.54
2015-08-18,148.31,115.01,78.82
2015-08-19,145.87,112.65,77.41
2015-08-20,143.35,105.76,76.41
2015-08-21,142.09,103.12,75
2015-08-24,138.58,103.74,72.82
2015-08-25,137.64,109.69,72.06
2015-08-26,142.72,112.92,73.87
2015-08-27,143.9,113.29,75.66
2015-08-28,144.21,112.76,75.95
2015-08-31,142.14,107.72,76.44
2015-09-01,138.5,112.34,74.9
2015-09-02,141.24,110.37,76.1
2015-09-03,141.74,109.27,74.45
2015-09-04,139.84,112.31,73.1
2015-09-08,143.43,110.15,74.3
2015-09-09,140.86,112.57,72.96
2015-09-10,140.78,114.21,72.42
2015-09-11,141.26,115.31,72.63
2015-09-14,140.81,116.28,72.77
2015-09-15,143.6,116.41,74.58
2015-09-16,144.2,113.92,75.64
2015-09-17,142.95,113.45,74.06
2015-09-18,139.62,115.21,71.86
2015-09-21,140.04,113.4,72.16
2015-09-22,138.02,114.32,71.68
2015-09-23,137.66,115,70.2
2015-09-24,137.58,114.71,65.8
2015-09-25,139.56,112.44,64.98
2015-09-28,138.38,109.06,63.79
2015-09-29,141.55,110.3,64.31
2015-09-30,141.77,109.58,65.36
2015-10-01,140.8,110.38,64.39
2015-10-02,143.2,110.78,65.7
2015-10-05,146.32,111.31,69.18
2015-10-06,145.79,110.78,70.82
2015-10-07,147.54,109.5,70.38
2015-10-08,149.48,112.12,71.84
2015-10-09,149.9,111.6,71.3
2015-10-12,150.06,111.79,70.5
2015-10-13,149.11,110.21,70.17
2015-10-14,148.32,111.86,70.71
2015-10-15,149.19,111.04,70.83
2015-10-16,148.7,111.73,69.68
2015-10-19,148,113.77,69.27
2015-10-20,149.11,113.76,70.27
2015-10-21,149.82,115.5,69.67
2015-10-22,156,119.08,70.88
2015-10-23,155.79,115.28,71.75
2015-10-26,156.54,114.55,71.52
2015-10-27,156.73,119.27,70.39
2015-10-28,158.08,120.53,71.97
2015-10-29,157.61,119.5,71.97
2015-10-30,157.21,121.18,72.99
2015-11-02,159.92,122.57,74.34
2015-11-03,158.75,122,74.75
2015-11-04,158.91,120.92,74.55
2015-11-05,158.99,121.06,74.22
2015-11-06,159.26,120.57,73.84
2015-11-09,157.47,116.77,71.89
2015-11-10,157.59,116.11,72.43
2015-11-11,159.05,115.72,71.91
2015-11-12,156.3,112.34,68.66
2015-11-13,155.65,114.18,69.63
2015-11-16,158.21,113.69,70.39
2015-11-17,157.03,117.29,69.39
2015-11-18,157.39,118.78,70.32
2015-11-19,158.38,119.3,70.02
2015-11-20,158.95,117.75,71.14
2015-11-23,158.65,118.88,71.02
2015-11-24,157.75,118.03,71.4
2015-11-25,157.63,117.81,71.49
2015-11-27,157.99,118.3,71.22
2015-11-30,156.58,117.34,72.65
2015-12-01,156.9,116.28,71.56
2015-12-02,155.7,115.2,71.03
2015-12-03,154.38,119.03,69.64
2015-12-04,158.22,118.28,69.98
2015-12-07,157.75,118.23,68.36
2015-12-08,156.79,115.62,66.54
2015-12-09,156.05,116.17,65.91
2015-12-10,157.52,113.18,66.38
2015-12-11,154.83,112.48,65.43
2015-12-14,157.63,110.49,66.12
2015-12-15,148.13,111.34,66.75
2015-12-16,149.95,108.98,67.72
2015-12-17,148.85,106.03,64.9
2015-12-18,146.92,107.33,65.11
2015-12-21,147.48,107.23,65.24
2015-12-22,148.97,108.61,68.41
2015-12-23,151.16,108.03,69.89
2015-12-24,151.19,106.82,69.38
2015-12-28,151.22,108.74,68.58
2015-12-29,152.89,107.32,69.19
2015-12-30,151.91,105.26,68.69
2015-12-31,150.64,105.35,67.96
2016-01-04,146.82,102.71,67.99
2016-01-05,147.46,100.7,67.28
2016-01-06,144.49,96.45,66.22
2016-01-07,140.97,96.96,63.94
2016-01-08,140.49,98.53,63.29
2016-01-11,140.46,99.96,61.47
2016-01-12,140.86,97.39,61.6
2016-01-13,138.72,99.52,60.89
2016-01-14,141.18,97.13,62.27
2016-01-15,138.69,96.66,59.87
2016-01-19,138.39,96.79,59.03
2016-01-20,136.96,96.3,58.81
2016-01-21,137.76,101.42,59.69
2016-01-22,139.52,99.44,60.98
2016-01-25,137.57,99.99,57.91
2016-01-26,144.78,93.42,59.16
2016-01-27,145.55,94.09,58.32
2016-01-28,147.32,97.34,61.08
2016-01-29,151,96.43,62.24
2016-02-01,148.73,94.48,62.7
2016-02-02,147.87,96.35,60.67
2016-02-03,152.52,96.6,63.27
2016-02-04,153.44,94.02,65.96
2016-02-05,153.47,95.01,66.12
2016-02-08,153.9,94.99,64.58
2016-02-09,154.74,94.27,63.93
2016-02-10,152.45,93.7,62.14
2016-02-11,150.67,93.99,61.41
2016-02-12,153.96,96.64,63.15
2016-02-16,155.53,98.12,65.21
2016-02-17,156.62,96.26,67.26
2016-02-18,156.78,96.04,66.12
2016-02-19,156.45,96.88,65.42
2016-02-22,157.7,94.69,67.31
2016-02-23,156.17,96.1,65.78
2016-02-24,157.22,96.76,65.88
2016-02-25,158.99,96.91,66.47
2016-02-26,158.27,96.69,66.87
2016-02-29,156.87,100.53,67.7
2016-03-01,159.59,100.75,69.09
2016-03-02,159.41,101.5,69.38
2016-03-03,159.38,103.01,71.75
2016-03-04,160.07,101.87,72.84
2016-03-07,160.57,101.03,74.77
2016-03-08,160.2,101.12,71.73
2016-03-09,160.09,101.17,71.87
2016-03-10,159.89,102.26,71.36
2016-03-11,161.88,102.52,72.8
2016-03-14,161.81,104.58,72.73
2016-03-15,162.41,105.97,72.44
2016-03-16,162.89,105.8,74.34
2016-03-17,163.75,105.92,75.9
2016-03-18,165.33,105.91,75.47
2016-03-21,164.84,106.72,75.89
2016-03-22,164.91,106.13,75.55
2016-03-23,164.27,105.67,73.68
2016-03-24,164.46,105.19,75.29
2016-03-28,166.28,107.68,75.32
2016-03-29,164.39,109.56,76.01
2016-03-30,166.75,108.99,76.51
2016-03-31,166.63,109.99,76.54
2016-04-01,167.53,111.12,76.79
2016-04-04,166.4,109.81,75.72
2016-04-05,165.81,110.96,75.24
2016-04-06,166.81,108.54,75.22
2016-04-07,167.16,108.66,74.17
2016-04-08,166.63,109.02,74.35
2016-04-11,166.59,110.44,74.63
2016-04-12,168.03,112.04,76.1
2016-04-13,168.59,112.1,79.13
2016-04-14,168.16,109.85,79.05
2016-04-15,168.78,107.48,79.17
2016-04-18,169.55,106.91,79.25
2016-04-19,169.65,107.13,80.39
2016-04-20,168.94,105.97,79.74
2016-04-21,168.66,105.68,78.66
2016-04-22,168.66,105.08,78.32
2016-04-25,168.38,104.35,76.79
2016-04-26,166.18,97.82,77.65
2016-04-27,167.76,94.83,78.68
2016-04-28,167,93.74,77.75
2016-04-29,167.38,93.64,77.72
2016-05-02,168.34,95.18,77.84
2016-05-03,167.97,94.19,76.36
2016-05-04,167.16,93.24,74.24
2016-05-05,167.77,92.72,72.79
2016-05-06,168.89,92.79,73.36
2016-05-09,168.52,93.42,70.78
2016-05-10,170.26,92.51,72.51
2016-05-11,169.77,90.34,72.43
2016-05-12,170.15,90.52,71.7
2016-05-13,168.32,93.88,70.07
2016-05-16,169.55,93.49,70.7
2016-05-17,167.81,94.56,71.05
2016-05-18,166.82,94.2,70.59
2016-05-19,165.11,95.22,69.43
2016-05-20,165.01,96.43,69.87
2016-05-23,166.11,97.9,70.4
2016-05-24,168.63,99.62,71.09
2016-05-25,169.99,100.41,72.57
2016-05-26,168.91,100.35,72.08
2016-05-27,168.89,99.86,71.96
2016-05-31,168.32,98.46,72.51
2016-06-01,168.69,97.72,72.27
2016-06-02,168.04,97.92,73.62
2016-06-03,168.38,98.63,75.04
2016-06-06,170.08,99.03,76.42
2016-06-07,170.91,98.94,76.81
2016-06-08,171.42,99.65,78.11
2016-06-09,170.13,98.83,77.16
2016-06-10,168.56,97.34,76.03
2016-06-13,167.13,97.46,75.23
2016-06-14,167.61,97.14,74.86
2016-06-15,167.8,97.55,75.07
2016-06-16,169.93,95.33,74.99
2016-06-17,168.94,95.1,75.93
2016-06-20,171.23,95.91,76.43
2016-06-21,171.37,95.55,76.49
2016-06-22,171.23,96.1,76.43
2016-06-23,174.11,93.4,78.22
2016-06-24,169.12,92.04,73.03
2016-06-27,167.19,93.59,71.38
2016-06-28,169.59,94.4,72.52
2016-06-29,171.52,95.6,74.23
2016-06-30,175.12,95.89,75.81
2016-07-01,175.54,94.99,76.45
2016-07-05,175.63,95.53,74.38
2016-07-06,175.16,95.94,74.83
2016-07-07,174.87,96.68,75.05
2016-07-08,177.12,96.98,77.37
2016-07-11,178.01,97.42,77.8
2016-07-12,179.16,96.87,79.8
2016-07-13,179.21,98.79,79.69
2016-07-14,180.9,98.78,80.06
2016-07-15,181.4,99.83,80.7
2016-07-18,181.11,99.87,79.82
2016-07-19,181.24,99.96,79.74
2016-07-20,181.42,99.43,79.69
2016-07-21,180.26,98.66,80.01
2016-07-22,180.44,97.34,79.38
2016-07-25,179.63,96.67,78.69
2016-07-26,177.66,102.95,82.75
2016-07-27,178.27,104.34,84.1
2016-07-28,177.98,104.21,82.92
2016-07-29,178.36,106.05,82.76
2016-08-01,178.29,104.48,81.95
2016-08-02,178.36,105.79,81.24
2016-08-03,178.38,105.87,82.03
2016-08-04,177.81,107.48,81.77
2016-08-05,178.57,108.37,82.56
2016-08-08,178.58,108.81,83.44
2016-08-09,178.39,108,82.83
2016-08-10,178.82,107.93,82.65
2016-08-11,181,108.18,83.24
2016-08-12,180.27,109.48,83
2016-08-15,180.56,109.38,84.15
2016-08-16,179.25,109.22,84.29
2016-08-17,179.87,109.08,84.41
2016-08-18,179.18,109.36,83.38
2016-08-19,179.61,108.51,83.84
2016-08-22,179.07,108.85,83.59
2016-08-23,179.77,108.03,84.01
2016-08-24,179.41,107.57,83.15
2016-08-25,179.58,106.94,82.84
2016-08-26,179.41,106.82,82.66
2016-08-29,180.5,106,83.1
2016-08-30,180.15,106.1,82.48
2016-08-31,179.24,106.73,81.95
2016-09-01,179.98,107.73,81.45
2016-09-02,180.81,107.7,81.69
2016-09-06,180.46,108.36,82.08
2016-09-07,179.75,105.52,83.72
2016-09-08,180.1,103.13,83.54
2016-09-09,175.64,105.44,80.79
2016-09-12,178.1,107.95,81.92
2016-09-13,176.07,111.77,80.23
2016-09-14,175.62,115.57,81.02
2016-09-15,176.59,114.92,82.03
2016-09-16,175.06,113.58,82.05
2016-09-19,176.72,113.57,81.88
2016-09-20,177.6,113.55,81.7
2016-09-21,179.59,114.62,83.47
2016-09-22,179.85,112.71,83.5
2016-09-23,177.39,112.88,82.44
2016-09-26,175.95,113.09,82.37
2016-09-27,176.3,113.95,82.88
2016-09-28,177.59,112.18,86.59
2016-09-29,175.37,113.05,87.47
2016-09-30,176.23,112.52,88.77
2016-10-03,175.04,113,88.28
2016-10-04,171.68,113.05,87.51
2016-10-05,172.39,113.89,89.42
2016-10-06,171.64,114.06,89.29
2016-10-07,171.33,116.05,88.47
2016-10-10,171.14,116.3,88.22
2016-10-11,169.68,117.34,87.47
2016-10-12,169.72,116.98,87.58
2016-10-13,170.02,117.63,86.97
2016-10-14,170.33,117.55,87.67
2016-10-17,170.21,117.47,87.29
2016-10-18,169.95,117.12,87.22
2016-10-19,169.91,117.06,88
2016-10-20,169.86,116.6,86.63
2016-10-21,169.5,117.65,86.33
2016-10-24,171.27,118.25,85.99
2016-10-25,166.23,115.59,84.48
2016-10-26,166.51,114.48,84.13
2016-10-27,165.76,113.72,83.01
2016-10-28,165.77,113.54,83.88
2016-10-31,165.3,111.49,83.46
2016-11-01,164.25,111.59,82.24
2016-11-02,165.73,109.83,81.11
2016-11-03,166.83,108.84,81.27
2016-11-04,166.48,110.41,82.31
2016-11-07,169.74,111.06,83.75
2016-11-08,171.03,110.88,84.68
2016-11-09,170.39,107.79,91.2
2016-11-10,174.28,108.43,93.45
2016-11-11,175.08,105.71,93.01
2016-11-14,172.91,107.11,94.17
2016-11-15,174.24,109.99,94.44
2016-11-16,172.01,109.95,93.35
2016-11-17,172.77,110.06,92.78
2016-11-18,172.96,111.73,92.34
2016-11-21,171.52,111.8,92.9
2016-11-22,171.91,111.23,93.62
2016-11-23,172.25,111.79,96.18
2016-11-25,173.49,111.57,95.81
2016-11-28,172.5,111.46,94.9
2016-11-29,172.77,110.52,94.04
2016-11-30,171.74,109.49,95.56
2016-12-01,172.63,109.9,96.24
2016-12-02,172.43,109.11,95.14
2016-12-05,171.62,109.95,94.45
2016-12-06,171.8,111.03,95.22
2016-12-07,176.05,112.12,97.33
2016-12-08,175.88,113.95,96.27
2016-12-09,178.49,113.3,95.53
2016-12-12,179.64,115.19,95.08
2016-12-13,178.83,115.19,96.02
2016-12-14,176.6,115.82,93.74
2016-12-15,176.02,115.97,94.53
2016-12-16,177.45,116.64,92.58
2016-12-19,178.16,116.95,92.71
2016-12-20,178.65,117.06,94.34
2016-12-21,178.43,116.29,93.82
2016-12-22,179.2,116.52,94.12
2016-12-23,178.75,117.26,94.32
2016-12-27,178.92,116.76,94.55
2016-12-28,178.08,116.73,93.15
2016-12-29,178.41,115.82,93.29
2016-12-30,178.57,116.15,92.74
2017-01-03,178.05,116.02,93.99
2017-01-04,178.32,116.61,93.57
2017-01-05,177.71,117.91,93
2017-01-06,178.23,118.99,93.04
2017-01-09,177.27,119.11,92.37
2017-01-10,176.58,119.75,93.83
2017-01-11,177.89,119.25,94.65
2017-01-12,177.44,119.04,93.99
2017-01-13,177.39,120,94.48
2017-01-17,177.26,119.99,93.57
2017-01-18,178.49,119.78,93.33
2017-01-19,178.68,120,93.38
2017-01-20,178.49,120.08,94.58
2017-01-23,178.51,119.97,94.46
2017-01-24,175.97,121.88,96.24
2017-01-25,176.73,121.94,98.15
2017-01-26,176.82,121.95,97.22
2017-01-27,177.48,121.63,98.99
2017-01-30,175.42,121.35,96.79
2017-01-31,174.82,128.75,95.66
2017-02-01,175.17,128.53,95.11
2017-02-02,174.18,129.08,93.77
2017-02-03,175.04,130.29,93.28
2017-02-06,175.1,131.53,92.87
2017-02-07,175.76,132.04,93.31
2017-02-08,177.07,132.42,92.91
2017-02-09,178.18,132.12,93.96
2017-02-10,179,133.29,96.31
2017-02-13,181.02,135.02,98.5
2017-02-14,181.6,135.51,98.09
2017-02-15,181.7,135.34,99.02
2017-02-16,183.41,135.72,98.26
2017-02-17,182.95,136.7,98.85
2017-02-21,183.37,137.11,98.1
2017-02-22,186.04,136.53,98.2
2017-02-23,187.19,136.66,95.55
2017-02-24,187.41,136.93,95.48
2017-02-27,186.91,136.99,97.44
2017-02-28,186.35,139.79,96.66
2017-03-01,189.86,138.96,98.58
2017-03-02,189.89,139.78,94.36
2017-03-03,189.31,139.34,95.12
2017-03-06,188.9,139.52,95.66
2017-03-07,189.09,139,95.93
2017-03-08,189.51,138.68,93.23
2017-03-09,189.9,139.14,91.39
2017-03-10,191.21,139.2,92.31
2017-03-13,191.52,138.99,92.64
2017-03-14,190.33,140.46,91.86
2017-03-15,191.2,140.69,93.36
2017-03-16,190.31,139.99,92.85
2017-03-17,192.36,141.46,92.91
2017-03-20,193.01,139.84,95.4
2017-03-21,192.13,141.42,92.43
2017-03-22,192.22,140.92,92.43
2017-03-23,192.14,140.64,92.23
2017-03-24,191.51,140.88,92.15
2017-03-27,190.43,143.8,91.51
2017-03-28,190.99,144.12,92.95
2017-03-29,190.68,143.93,92.86
2017-03-30,191.28,143.66,93.22
2017-03-31,191.33,143.7,92.76
2017-04-03,190.72,144.77,92.27
2017-04-04,190.19,144.02,94.13
2017-04-05,190.24,143.66,94.24
2017-04-06,189.89,143.34,95.82
2017-04-07,189.99,143.17,95.52
2017-04-10,189.71,141.63,97.14
2017-04-11,190.07,141.8,97.1
2017-04-12,189.7,141.05,94.86
2017-04-13,188.65,141.83,93.1
2017-04-17,190.36,141.2,94.14
2017-04-18,190.22,140.68,94.39
2017-04-19,189.83,142.44,93.47
2017-04-20,191.16,142.27,94.66
2017-04-21,191.5,143.64,94.32
2017-04-24,194.23,144.53,96.81
2017-04-25,195.13,143.68,104.42
2017-04-26,195,143.79,104.66
2017-04-27,196.11,143.65,102.68
2017-04-28,195.83,146.58,102.26
2017-05-01,194.81,147.51,102
2017-05-02,196.53,147.06,101.51
2017-05-03,197.63,146.53,101.54
2017-05-04,199.51,148.96,99.39
2017-05-05,199.4,153.01,99.64
2017-05-08,198.65,153.99,99.37
2017-05-09,197.96,153.26,99.29
2017-05-10,196.64,153.95,100.36
2017-05-11,196.75,156.1,100.99
2017-05-12,196.57,155.7,100.71
2017-05-15,197.63,155.47,102.42
2017-05-16,197.91,150.25,102.34
2017-05-17,194.84,152.54,100.14
2017-05-18,195.24,153.06,100.22
2017-05-19,195.8,153.99,102.43
2017-05-22,198.51,153.8,102.29
2017-05-23,197.73,153.34,103.63
2017-05-24,197.49,153.87,103.95
2017-05-25,199.54,153.61,105.02
2017-05-26,200.67,153.67,105.66
2017-05-30,202.44,152.76,105.47
2017-05-31,204.47,153.18,105.43
2017-06-01,204.35,155.45,105.65
2017-06-02,206.7,153.93,105.95
2017-06-05,206.22,154.45,105.2
2017-06-06,205.41,155.37,104.55
2017-06-07,205.01,154.99,103.51
2017-06-08,205.94,148.98,105.01
2017-06-09,206.93,145.42,105.92
2017-06-12,207.39,146.59,106.07
2017-06-13,209.11,145.16,105.75
2017-06-14,210.01,144.29,104.71
2017-06-15,211.29,142.27,106.4
2017-06-16,213.24,146.34,107.6
2017-06-19,213.36,145.01,107.49
2017-06-20,213.36,145.87,107.04
2017-06-21,212.86,145.63,103.47
2017-06-22,212.22,146.28,103.84
2017-06-23,212.9,145.82,104.11
2017-06-26,212.61,143.73,104.25
2017-06-27,209.78,145.83,103.93
2017-06-28,210.62,143.68,106.45
2017-06-29,207.85,144.02,105.64
2017-06-30,208.19,143.5,107.46
2017-07-03,209.83,144.09,106.97
2017-07-05,209.76,142.73,107.49
2017-07-06,208.02,144.18,106.51
2017-07-07,209.59,145.06,106.92
2017-07-10,210.49,145.53,107.84
2017-07-11,209.66,145.74,108.24
2017-07-12,211.3,147.77,108.96
2017-07-13,211.09,149.04,108.47
2017-07-14,211.77,149.56,108.77
2017-07-17,211.68,150.08,108.84
2017-07-18,211.31,151.02,107.07
2017-07-19,212.1,150.34,107.85
2017-07-20,212.45,150.27,107.32
2017-07-21,211.16,152.09,106.59
2017-07-24,210,152.74,108.18
2017-07-25,199.39,153.46,114.54
2017-07-26,199.03,150.56,113.52
2017-07-27,200.05,149.5,114.37
2017-07-28,199.72,148.73,114.1
2017-07-31,201.17,150.05,113.95
2017-08-01,203.18,157.14,113.1
2017-08-02,205.41,155.57,113.09
2017-08-03,207.62,156.39,113.56
2017-08-04,207.65,158.81,114.35
2017-08-07,207.44,160.08,114.71
2017-08-08,206.43,161.06,114.41
2017-08-09,206.48,155.32,114.34
2017-08-10,206.23,157.48,113.15
2017-08-11,205.98,159.85,112.85
2017-08-14,207.37,161.6,113.71
2017-08-15,207.18,160.95,113.65
2017-08-16,207.92,157.86,114.12
2017-08-17,205.35,157.5,113.14
2017-08-18,203.53,157.21,113.92
2017-08-21,204.55,159.78,113.6
2017-08-22,205.46,159.98,115.82
2017-08-23,202.67,159.27,114.75
2017-08-24,202.12,159.86,114.78
2017-08-25,202.13,161.47,115.35
2017-08-28,202.46,162.91,115.07
2017-08-29,202.92,163.35,116.01
2017-08-30,203.69,164,117.55
2017-08-31,204.32,164.05,117.49
2017-09-01,203.56,162.08,118.28
2017-09-05,200.98,161.91,118.3
2017-09-06,202.05,161.26,116.98
2017-09-07,204.46,158.63,117.77
2017-09-08,205.69,161.5,117.82
2017-09-11,209.56,160.86,118.87
2017-09-12,209.64,159.65,120.94
2017-09-13,209.49,158.28,119.63
2017-09-14,211.43,159.88,120.48
2017-09-15,213.35,158.67,121.37
2017-09-18,213.76,158.73,123.83
2017-09-19,213.56,156.07,124.74
2017-09-20,210.51,153.39,124.85
2017-09-21,210.44,151.89,124.79
2017-09-22,210.76,150.55,124.43
2017-09-25,210.73,153.14,124.32
2017-09-26,211.03,154.23,124.51
2017-09-27,209.48,153.28,124.52
2017-09-28,209.55,154.12,125.23
2017-09-29,209.9,153.81,124.71
2017-10-02,212.76,154.48,124.72
2017-10-03,214.57,153.48,125.51
2017-10-04,216.52,155.39,126.74
2017-10-05,216.37,155.3,126.4
2017-10-06,216.52,155.84,126.93
2017-10-09,216.68,155.9,126.88
2017-10-10,216.75,156.55,128.19
2017-10-11,216.32,156,127.88
2017-10-12,217.59,156.99,129.99
2017-10-13,217.72,159.88,130.71
2017-10-16,218.72,160.47,131.47
2017-10-17,217.75,159.76,130.54
2017-10-18,218.27,155.98,131.29
2017-10-19,219.24,156.25,131.55
2017-10-20,221.32,156.17,131.36
2017-10-23,221.55,157.1,131.68
2017-10-24,234.65,156.41,138.24
2017-10-25,237.68,157.41,136.84
2017-10-26,232.94,163.05,136.94
2017-10-27,234.74,166.72,137.81
2017-10-30,231.02,169.04,136.49
2017-10-31,230.19,166.89,135.8
2017-11-01,230.18,168.11,136.29
2017-11-02,232.23,172.5,136.47
2017-11-03,232.22,174.25,136.63
2017-11-06,230.31,174.81,137.71
2017-11-07,230.05,176.24,138.81
2017-11-08,229.83,175.88,137.29
2017-11-09,228.39,174.67,135.34
2017-11-10,227.45,173.97,136.48
2017-11-13,228.22,171.34,136.53
2017-11-14,229.33,169.08,137.54
2017-11-15,227.4,171.1,134.1
2017-11-16,229.42,170.15,136.36
2017-11-17,229.36,169.98,136.13
2017-11-20,231.49,173.14,136.91
2017-11-21,234.09,174.96,137.6
2017-11-22,231.58,174.97,138.01
2017-11-24,231.38,174.09,137.39
2017-11-27,234,173.07,137.19
2017-11-28,235.63,169.48,138.99
2017-11-29,238.01,171.85,138.06
2017-11-30,243.14,171.05,141.15
2017-12-01,241.15,169.8,141.52
2017-12-04,239.26,169.64,141.5
2017-12-05,238.26,169.01,140.14
2017-12-06,238.67,169.32,140.34
2017-12-07,240.3,169.37,142.89
2017-12-08,238.13,172.67,143.86
2017-12-11,239.3,171.7,143.77
2017-12-12,236.58,172.27,143.42
2017-12-13,239.11,172.22,148.57
2017-12-14,238.08,173.97,146.28
2017-12-15,238,176.42,146.69
2017-12-18,238.42,174.54,149.77
2017-12-19,238.39,174.35,150.91
2017-12-20,236.92,175.01,152.52
2017-12-21,234.78,175.01,154.64
2017-12-22,234.73,170.57,155.75
2017-12-26,235.45,170.6,156.44
2017-12-27,236.2,171.08,157.52
2017-12-28,235.72,169.23,158.42
2017-12-29,235.37,70.44,157.58